%time,field.header.seq,field.header.stamp,field.header.frame_id,field.status.status,field.status.service,field.latitude,field.longitude,field.altitude,field.position_covariance0,field.position_covariance1,field.position_covariance2,field.position_covariance3,field.position_covariance4,field.position_covariance5,field.position_covariance6,field.position_covariance7,field.position_covariance8,field.position_covariance_type
1580572316726130376,823,1580572315708849188,,0,1,42.348818666666666,-71.08573333333334,6.0,0.0,0.0,0.0,0.0,0.0,0.0,0.0,0.0,0.0,0
1580572317730083294,824,1580572316725588607,,0,1,42.348864,-71.08575466666667,6.0,0.0,0.0,0.0,0.0,0.0,0.0,0.0,0.0,0.0,0
1580572318739184002,825,1580572317729557876,,0,1,42.348912,-71.08577066666666,6.0,0.0,0.0,0.0,0.0,0.0,0.0,0.0,0.0,0.0,0
1580572319753941618,826,1580572318738752484,,0,1,42.34896533333333,-71.08579733333333,6.0,0.0,0.0,0.0,0.0,0.0,0.0,0.0,0.0,0.0,0
1580572320759730163,827,1580572319753346052,,0,1,42.349018666666666,-71.08581866666667,6.0,0.0,0.0,0.0,0.0,0.0,0.0,0.0,0.0,0.0,0
1580572321769689334,828,1580572320759247068,,0,1,42.34906933333333,-71.08584533333334,6.0,0.0,0.0,0.0,0.0,0.0,0.0,0.0,0.0,0.0,0
1580572322780529028,829,1580572321769180455,,0,1,42.34911733333333,-71.085872,6.0,0.0,0.0,0.0,0.0,0.0,0.0,0.0,0.0,0.0,0
1580572323789542332,830,1580572322780025779,,0,1,42.349168,-71.085904,6.0,0.0,0.0,0.0,0.0,0.0,0.0,0.0,0.0,0.0,0
1580572324804017697,831,1580572323789014977,,0,1,42.349218666666665,-71.08592533333334,6.0,0.0,0.0,0.0,0.0,0.0,0.0,0.0,0.0,0.0,0
1580572325809601325,832,1580572324803550589,,0,1,42.34926933333333,-71.08594666666667,6.0,0.0,0.0,0.0,0.0,0.0,0.0,0.0,0.0,0.0,0
1580572326824469172,833,1580572325809080896,,0,1,42.34932,-71.08596266666666,6.0,0.0,0.0,0.0,0.0,0.0,0.0,0.0,0.0,0.0,0
1580572327839933617,834,1580572326823915541,,0,1,42.34936,-71.08597333333333,6.0,0.0,0.0,0.0,0.0,0.0,0.0,0.0,0.0,0.0,0
1580572328840925666,835,1580572327839615838,,0,1,42.34938133333333,-71.085984,6.0,0.0,0.0,0.0,0.0,0.0,0.0,0.0,0.0,0.0,0
1580572329854959774,836,1580572328840451648,,0,1,42.349384,-71.085984,6.0,0.0,0.0,0.0,0.0,0.0,0.0,0.0,0.0,0.0,0
1580572330869673533,837,1580572329853124620,,0,1,42.349389333333335,-71.085984,6.0,0.0,0.0,0.0,0.0,0.0,0.0,0.0,0.0,0.0,0
1580572331880791207,838,1580572330869179018,,0,1,42.34939466666667,-71.08598933333333,6.0,0.0,0.0,0.0,0.0,0.0,0.0,0.0,0.0,0.0,0
1580572332889192025,839,1580572331880190487,,0,1,42.34939466666667,-71.08598933333333,6.0,0.0,0.0,0.0,0.0,0.0,0.0,0.0,0.0,0.0,0
1580572333900084241,840,1580572332888708918,,0,1,42.34939466666667,-71.08598933333333,6.0,0.0,0.0,0.0,0.0,0.0,0.0,0.0,0.0,0.0,0
1580572334909170479,841,1580572333899233196,,0,1,42.34939466666667,-71.08598933333333,6.0,0.0,0.0,0.0,0.0,0.0,0.0,0.0,0.0,0.0,0
1580572335920757762,842,1580572334908709298,,0,1,42.34939466666667,-71.08598933333333,6.0,0.0,0.0,0.0,0.0,0.0,0.0,0.0,0.0,0.0,0
1580572336930477744,843,1580572335920386961,,0,1,42.34939466666667,-71.08598933333333,6.0,0.0,0.0,0.0,0.0,0.0,0.0,0.0,0.0,0.0,0
1580572337940988039,844,1580572336929924445,,0,1,42.34939466666667,-71.08598933333333,6.0,0.0,0.0,0.0,0.0,0.0,0.0,0.0,0.0,0.0,0
1580572338079991312,845,1580572337940547379,,0,1,42.34939466666667,-71.08598933333333,6.0,0.0,0.0,0.0,0.0,0.0,0.0,0.0,0.0,0.0,0
1580572339109157369,846,1580572338953269524,,0,1,42.34939466666667,-71.08598933333333,6.0,0.0,0.0,0.0,0.0,0.0,0.0,0.0,0.0,0.0,0
1580572340089090963,847,1580572339969897460,,0,1,42.34939466666667,-71.08598933333333,6.0,0.0,0.0,0.0,0.0,0.0,0.0,0.0,0.0,0.0,0
1580572341085108604,848,1580572340969861053,,0,1,42.34939466666667,-71.08598933333333,6.0,0.0,0.0,0.0,0.0,0.0,0.0,0.0,0.0,0.0,0
1580572342115041788,849,1580572341988955297,,0,1,42.349397333333336,-71.08598933333333,6.0,0.0,0.0,0.0,0.0,0.0,0.0,0.0,0.0,0.0,0
1580572343089440924,850,1580572342999518512,,0,1,42.34940266666667,-71.08598933333333,6.0,0.0,0.0,0.0,0.0,0.0,0.0,0.0,0.0,0.0,0
1580572344081363923,851,1580572344009018696,,0,1,42.349410666666664,-71.08599466666666,6.0,0.0,0.0,0.0,0.0,0.0,0.0,0.0,0.0,0.0,0
1580572345109339430,852,1580572345019762199,,0,1,42.349424,-71.08599466666666,6.0,0.0,0.0,0.0,0.0,0.0,0.0,0.0,0.0,0.0,0
1580572346089138217,853,1580572346028908256,,0,1,42.34943466666667,-71.08599466666666,6.0,0.0,0.0,0.0,0.0,0.0,0.0,0.0,0.0,0.0,0
1580572347081173373,854,1580572347039649994,,0,1,42.349437333333334,-71.086,6.0,0.0,0.0,0.0,0.0,0.0,0.0,0.0,0.0,0.0,0
1580572348109110819,855,1580572348060409797,,0,1,42.34944266666667,-71.086,6.0,0.0,0.0,0.0,0.0,0.0,0.0,0.0,0.0,0.0,0
1580572349089493953,856,1580572349060699979,,0,1,42.349445333333335,-71.086,6.0,0.0,0.0,0.0,0.0,0.0,0.0,0.0,0.0,0.0,0
1580572350086276033,857,1580572350069388688,,0,1,42.34945066666667,-71.086,6.0,0.0,0.0,0.0,0.0,0.0,0.0,0.0,0.0,0.0,0
1580572351109195816,858,1580572351088912308,,0,1,42.34945333333334,-71.086,6.0,0.0,0.0,0.0,0.0,0.0,0.0,0.0,0.0,0.0,0
1580572352104335541,859,1580572352099716201,,0,1,42.34945333333334,-71.086,6.0,0.0,0.0,0.0,0.0,0.0,0.0,0.0,0.0,0.0,0
1580572353113563736,860,1580572353111212005,,0,1,42.349456,-71.086,6.0,0.0,0.0,0.0,0.0,0.0,0.0,0.0,0.0,0.0,0
1580572354124023957,861,1580572354120842304,,0,1,42.34945866666666,-71.086,6.0,0.0,0.0,0.0,0.0,0.0,0.0,0.0,0.0,0.0,0
1580572355129505489,862,1580572355128881137,,0,1,42.34946933333333,-71.086,6.0,0.0,0.0,0.0,0.0,0.0,0.0,0.0,0.0,0.0,0
1580572356141239436,863,1580572356140483720,,0,1,42.349472,-71.086,6.0,0.0,0.0,0.0,0.0,0.0,0.0,0.0,0.0,0.0,0
1580572357170570099,864,1580572357160642210,,0,1,42.34948,-71.086,6.0,0.0,0.0,0.0,0.0,0.0,0.0,0.0,0.0,0.0,0
1580572358170274059,865,1580572358160733137,,0,1,42.349496,-71.08599466666666,6.0,0.0,0.0,0.0,0.0,0.0,0.0,0.0,0.0,0.0,0
1580572359169825406,866,1580572359169200058,,0,1,42.349512,-71.085984,6.0,0.0,0.0,0.0,0.0,0.0,0.0,0.0,0.0,0.0,0
1580572360201112827,867,1580572360196013737,,0,1,42.34953333333333,-71.08596266666666,6.0,0.0,0.0,0.0,0.0,0.0,0.0,0.0,0.0,0.0,0
1580572361204423169,868,1580572361203530113,,0,1,42.349549333333336,-71.08593066666667,6.0,0.0,0.0,0.0,0.0,0.0,0.0,0.0,0.0,0.0,0
1580572362209333000,869,1580572362203928743,,0,1,42.349568,-71.08588266666666,6.0,0.0,0.0,0.0,0.0,0.0,0.0,0.0,0.0,0.0,0
1580572363223912731,870,1580572363208904864,,0,1,42.349584,-71.085824,6.0,0.0,0.0,0.0,0.0,0.0,0.0,0.0,0.0,0.0,0
1580572364230049491,871,1580572364229534083,,0,1,42.349605333333336,-71.08576,6.0,0.0,0.0,0.0,0.0,0.0,0.0,0.0,0.0,0.0,0
1580572366109617610,872,1580572365241080766,,0,1,42.349626666666666,-71.08569066666666,6.0,0.0,0.0,0.0,0.0,0.0,0.0,0.0,0.0,0.0,0
1580572366256855389,873,1580572366251542891,,0,1,42.34965066666667,-71.08561066666667,6.0,0.0,0.0,0.0,0.0,0.0,0.0,0.0,0.0,0.0,0
1580572368081676101,874,1580572367260815757,,0,1,42.349674666666665,-71.085536,6.0,0.0,0.0,0.0,0.0,0.0,0.0,0.0,0.0,0.0,0
1580572369109427917,875,1580572368269062613,,0,1,42.349696,-71.08546133333333,6.0,0.0,0.0,0.0,0.0,0.0,0.0,0.0,0.0,0.0,0
1580572370089232168,876,1580572369278487649,,0,1,42.34971733333333,-71.08538666666666,6.0,0.0,0.0,0.0,0.0,0.0,0.0,0.0,0.0,0.0,0
1580572371081448827,877,1580572370289284723,,0,1,42.34973866666667,-71.08531733333334,6.0,0.0,0.0,0.0,0.0,0.0,0.0,0.0,0.0,0.0,0
1580572372109159578,878,1580572371298592315,,0,1,42.34976266666666,-71.08524266666667,6.0,0.0,0.0,0.0,0.0,0.0,0.0,0.0,0.0,0.0,0
1580572373091682610,879,1580572372308931503,,0,1,42.34978133333333,-71.08517333333333,6.0,0.0,0.0,0.0,0.0,0.0,0.0,0.0,0.0,0.0,0
1580572374081996401,880,1580572373318698724,,0,1,42.34980266666667,-71.085104,6.0,0.0,0.0,0.0,0.0,0.0,0.0,0.0,0.0,0.0,0
1580572375109593453,881,1580572374329335016,,0,1,42.349818666666664,-71.08504,6.0,0.0,0.0,0.0,0.0,0.0,0.0,0.0,0.0,0.0,0
1580572376089178183,882,1580572375341095317,,0,1,42.34983733333333,-71.084976,6.0,0.0,0.0,0.0,0.0,0.0,0.0,0.0,0.0,0.0,0
1580572377085180996,883,1580572376358626547,,0,1,42.349856,-71.08491733333334,6.0,0.0,0.0,0.0,0.0,0.0,0.0,0.0,0.0,0.0,0
1580572378109043322,884,1580572377369266496,,0,1,42.34986933333333,-71.084864,6.0,0.0,0.0,0.0,0.0,0.0,0.0,0.0,0.0,0.0,0
1580572379089530233,885,1580572378381325598,,0,1,42.349882666666666,-71.08482133333334,6.0,0.0,0.0,0.0,0.0,0.0,0.0,0.0,0.0,0.0,0
1580572380081944708,886,1580572379388746050,,0,1,42.34989066666667,-71.08479466666667,6.0,0.0,0.0,0.0,0.0,0.0,0.0,0.0,0.0,0.0,0
1580572381109381549,887,1580572380401917288,,0,1,42.349896,-71.08477866666667,6.0,0.0,0.0,0.0,0.0,0.0,0.0,0.0,0.0,0.0,0
1580572382089045975,888,1580572381409802930,,0,1,42.349896,-71.08477333333333,6.0,0.0,0.0,0.0,0.0,0.0,0.0,0.0,0.0,0.0,0
1580572383081875136,889,1580572382421726477,,0,1,42.34989866666667,-71.08477333333333,6.0,0.0,0.0,0.0,0.0,0.0,0.0,0.0,0.0,0.0,0
1580572384109990552,890,1580572383429704808,,0,1,42.34989866666667,-71.08477333333333,6.0,0.0,0.0,0.0,0.0,0.0,0.0,0.0,0.0,0.0,0
1580572385089095267,891,1580572384451171921,,0,1,42.34989866666667,-71.08477333333333,6.0,0.0,0.0,0.0,0.0,0.0,0.0,0.0,0.0,0.0,0
1580572386079112666,892,1580572385450948447,,0,1,42.34989866666667,-71.08477333333333,6.0,0.0,0.0,0.0,0.0,0.0,0.0,0.0,0.0,0.0,0
1580572387109189177,893,1580572386468559174,,0,1,42.34989866666667,-71.08477333333333,6.0,0.0,0.0,0.0,0.0,0.0,0.0,0.0,0.0,0.0,0
1580572388088998368,894,1580572387468739787,,0,1,42.34989866666667,-71.08477333333333,6.0,0.0,0.0,0.0,0.0,0.0,0.0,0.0,0.0,0.0,0
1580572389081983246,895,1580572388488728427,,0,1,42.34989866666667,-71.08477333333333,6.0,0.0,0.0,0.0,0.0,0.0,0.0,0.0,0.0,0.0,0
1580572390109115370,896,1580572389498523109,,0,1,42.34989866666667,-71.08477333333333,6.0,0.0,0.0,0.0,0.0,0.0,0.0,0.0,0.0,0.0,0
1580572391093015595,897,1580572390508902965,,0,1,42.34989866666667,-71.08477333333333,6.0,0.0,0.0,0.0,0.0,0.0,0.0,0.0,0.0,0.0,0
1580572392082162406,898,1580572391523854220,,0,1,42.34989866666667,-71.08477333333333,6.0,0.0,0.0,0.0,0.0,0.0,0.0,0.0,0.0,0.0,0
1580572393109154483,899,1580572392528995937,,0,1,42.34989866666667,-71.08477333333333,6.0,0.0,0.0,0.0,0.0,0.0,0.0,0.0,0.0,0.0,0
1580572394089379092,900,1580572393541295257,,0,1,42.34989866666667,-71.08477333333333,6.0,0.0,0.0,0.0,0.0,0.0,0.0,0.0,0.0,0.0,0
1580572395082308894,901,1580572394551147731,,0,1,42.34989866666667,-71.08477333333333,6.0,0.0,0.0,0.0,0.0,0.0,0.0,0.0,0.0,0.0,0
1580572396109447793,902,1580572395561540242,,0,1,42.34989866666667,-71.08477333333333,6.0,0.0,0.0,0.0,0.0,0.0,0.0,0.0,0.0,0.0,0
1580572397092584087,903,1580572396569179092,,0,1,42.34989866666667,-71.08477333333333,6.0,0.0,0.0,0.0,0.0,0.0,0.0,0.0,0.0,0.0,0
1580572398079188798,904,1580572397589214378,,0,1,42.34989866666667,-71.08477333333333,6.0,0.0,0.0,0.0,0.0,0.0,0.0,0.0,0.0,0.0,0
1580572399109571766,905,1580572398600081956,,0,1,42.34989866666667,-71.08477333333333,6.0,0.0,0.0,0.0,0.0,0.0,0.0,0.0,0.0,0.0,0
1580572400089638986,906,1580572399608727519,,0,1,42.34989866666667,-71.08477333333333,6.0,0.0,0.0,0.0,0.0,0.0,0.0,0.0,0.0,0.0,0
1580572401629241078,907,1580572400618676094,,0,1,42.34989866666667,-71.08477333333333,6.0,0.0,0.0,0.0,0.0,0.0,0.0,0.0,0.0,0.0,0
1580572402642118169,908,1580572401628747078,,0,1,42.34989866666667,-71.08477333333333,6.0,0.0,0.0,0.0,0.0,0.0,0.0,0.0,0.0,0.0,0
1580572403652439408,909,1580572402641605605,,0,1,42.34989866666667,-71.08477333333333,6.0,0.0,0.0,0.0,0.0,0.0,0.0,0.0,0.0,0.0,0
1580572404661832312,910,1580572403651856456,,0,1,42.34989866666667,-71.08477333333333,6.0,0.0,0.0,0.0,0.0,0.0,0.0,0.0,0.0,0.0,0
1580572405669233949,911,1580572404661530721,,0,1,42.34989866666667,-71.08477333333333,6.0,0.0,0.0,0.0,0.0,0.0,0.0,0.0,0.0,0.0,0
1580572406680613982,912,1580572405668885638,,0,1,42.34989866666667,-71.08477333333333,6.0,0.0,0.0,0.0,0.0,0.0,0.0,0.0,0.0,0.0,0
1580572407693928150,913,1580572406680206620,,0,1,42.34989866666667,-71.08477333333333,6.0,0.0,0.0,0.0,0.0,0.0,0.0,0.0,0.0,0.0,0
1580572408709536585,914,1580572407690153551,,0,1,42.349901333333335,-71.08475733333333,6.0,0.0,0.0,0.0,0.0,0.0,0.0,0.0,0.0,0.0,0
1580572409719150531,915,1580572408708978160,,0,1,42.349912,-71.08472,6.0,0.0,0.0,0.0,0.0,0.0,0.0,0.0,0.0,0.0,0
1580572410726479014,916,1580572409718788509,,0,1,42.34992533333333,-71.08466666666666,6.0,0.0,0.0,0.0,0.0,0.0,0.0,0.0,0.0,0.0,0
1580572411729290360,917,1580572410726017233,,0,1,42.349941333333334,-71.084608,6.0,0.0,0.0,0.0,0.0,0.0,0.0,0.0,0.0,0.0,0
1580572412752185023,918,1580572411728873246,,0,1,42.34996,-71.084544,6.0,0.0,0.0,0.0,0.0,0.0,0.0,0.0,0.0,0.0,0
1580572413760534745,919,1580572412751659338,,0,1,42.349978666666665,-71.08447466666667,6.0,0.0,0.0,0.0,0.0,0.0,0.0,0.0,0.0,0.0,0
1580572414769061912,920,1580572413760189478,,0,1,42.35,-71.08439466666667,6.0,0.0,0.0,0.0,0.0,0.0,0.0,0.0,0.0,0.0,0
1580572415779191804,921,1580572414768701166,,0,1,42.350024,-71.08430933333334,6.0,0.0,0.0,0.0,0.0,0.0,0.0,0.0,0.0,0.0,0
1580572416789425071,922,1580572415778781716,,0,1,42.350048,-71.08421866666667,6.0,0.0,0.0,0.0,0.0,0.0,0.0,0.0,0.0,0.0,0
1580572417802834044,923,1580572416788863392,,0,1,42.350074666666664,-71.08412266666667,6.0,0.0,0.0,0.0,0.0,0.0,0.0,0.0,0.0,0.0,0
1580572418809263851,924,1580572417802495924,,0,1,42.35009866666667,-71.084032,6.0,0.0,0.0,0.0,0.0,0.0,0.0,0.0,0.0,0.0,0
1580572419819305937,925,1580572418808719483,,0,1,42.35012533333333,-71.083936,6.0,0.0,0.0,0.0,0.0,0.0,0.0,0.0,0.0,0.0,0
1580572420830028447,926,1580572419818864095,,0,1,42.350149333333334,-71.08384533333333,6.0,0.0,0.0,0.0,0.0,0.0,0.0,0.0,0.0,0.0,0
1580572421842373868,927,1580572420829584039,,0,1,42.350176,-71.08374933333333,6.0,0.0,0.0,0.0,0.0,0.0,0.0,0.0,0.0,0.0,0
1580572422852103103,928,1580572421842027643,,0,1,42.35020266666667,-71.08365866666666,6.0,0.0,0.0,0.0,0.0,0.0,0.0,0.0,0.0,0.0,0
1580572423869821595,929,1580572422851643560,,0,1,42.350226666666664,-71.083568,6.0,0.0,0.0,0.0,0.0,0.0,0.0,0.0,0.0,0.0,0
1580572424879157906,930,1580572423869314668,,0,1,42.35025066666667,-71.08347733333333,6.0,0.0,0.0,0.0,0.0,0.0,0.0,0.0,0.0,0.0,0
1580572425891416802,931,1580572424878876319,,0,1,42.35027733333333,-71.08338666666667,6.0,0.0,0.0,0.0,0.0,0.0,0.0,0.0,0.0,0.0,0
1580572426899960418,932,1580572425888738792,,0,1,42.350301333333334,-71.083296,6.0,0.0,0.0,0.0,0.0,0.0,0.0,0.0,0.0,0.0,0
1580572427909326410,933,1580572426899559534,,0,1,42.35032533333333,-71.0832,6.0,0.0,0.0,0.0,0.0,0.0,0.0,0.0,0.0,0.0,0
1580572428921612638,934,1580572427908858224,,0,1,42.350352,-71.083104,6.0,0.0,0.0,0.0,0.0,0.0,0.0,0.0,0.0,0.0,0
1580572429929331324,935,1580572428921141901,,0,1,42.350378666666664,-71.083008,6.0,0.0,0.0,0.0,0.0,0.0,0.0,0.0,0.0,0.0,0
1580572430940528755,936,1580572429928884375,,0,1,42.350405333333335,-71.082912,6.0,0.0,0.0,0.0,0.0,0.0,0.0,0.0,0.0,0.0,0
1580572431079325743,937,1580572430939809581,,0,1,42.35042933333333,-71.08282133333333,6.0,0.0,0.0,0.0,0.0,0.0,0.0,0.0,0.0,0.0,0
1580572432959672524,938,1580572431950688425,,0,1,42.350456,-71.08272533333333,6.0,0.0,0.0,0.0,0.0,0.0,0.0,0.0,0.0,0.0,0
1580572433089428229,939,1580572432959309118,,0,1,42.35048,-71.082624,6.0,0.0,0.0,0.0,0.0,0.0,0.0,0.0,0.0,0.0,0
1580572434082840571,940,1580572433968954120,,0,1,42.35050666666667,-71.08251733333333,6.0,0.0,0.0,0.0,0.0,0.0,0.0,0.0,0.0,0.0,0
1580572435109656711,941,1580572434989098897,,0,1,42.350536,-71.08241066666666,6.0,0.0,0.0,0.0,0.0,0.0,0.0,0.0,0.0,0.0,0
1580572436089152837,942,1580572435998781046,,0,1,42.350565333333336,-71.08229333333334,6.0,0.0,0.0,0.0,0.0,0.0,0.0,0.0,0.0,0.0,0
1580572437082710449,943,1580572437009341460,,0,1,42.350594666666666,-71.08218133333334,6.0,0.0,0.0,0.0,0.0,0.0,0.0,0.0,0.0,0.0,0
1580572438109408133,944,1580572438018719221,,0,1,42.35062666666666,-71.082064,6.0,0.0,0.0,0.0,0.0,0.0,0.0,0.0,0.0,0.0,0
1580572439089126759,945,1580572439029151372,,0,1,42.35065866666667,-71.08194666666667,6.0,0.0,0.0,0.0,0.0,0.0,0.0,0.0,0.0,0.0,0
1580572440079594526,946,1580572440039125124,,0,1,42.350690666666665,-71.08182933333333,6.0,0.0,0.0,0.0,0.0,0.0,0.0,0.0,0.0,0.0,0
1580572441109138764,947,1580572441050931638,,0,1,42.35072,-71.08171733333333,6.0,0.0,0.0,0.0,0.0,0.0,0.0,0.0,0.0,0.0,0
1580572442089136891,948,1580572442069024898,,0,1,42.35074933333333,-71.08160533333333,6.0,0.0,0.0,0.0,0.0,0.0,0.0,0.0,0.0,0.0,0
1580572443079285749,949,1580572443068797531,,0,1,42.35077866666666,-71.081488,6.0,0.0,0.0,0.0,0.0,0.0,0.0,0.0,0.0,0.0,0
1580572444109099222,950,1580572444088760750,,0,1,42.350808,-71.08138133333334,6.0,0.0,0.0,0.0,0.0,0.0,0.0,0.0,0.0,0.0,0
1580572445102566686,951,1580572445099223015,,0,1,42.35083733333333,-71.08127466666667,6.0,0.0,0.0,0.0,0.0,0.0,0.0,0.0,0.0,0.0,0
1580572446109545314,952,1580572446108738808,,0,1,42.350864,-71.08117333333334,6.0,0.0,0.0,0.0,0.0,0.0,0.0,0.0,0.0,0.0,0
1580572447122903683,953,1580572447119169042,,0,1,42.35089333333333,-71.08106666666667,6.0,0.0,0.0,0.0,0.0,0.0,0.0,0.0,0.0,0.0,0
1580572448129864050,954,1580572448129308172,,0,1,42.35092,-71.08097066666667,6.0,0.0,0.0,0.0,0.0,0.0,0.0,0.0,0.0,0.0,0
1580572449142193216,955,1580572449139380178,,0,1,42.350946666666665,-71.08086933333334,6.0,0.0,0.0,0.0,0.0,0.0,0.0,0.0,0.0,0.0,0
1580572450159430520,956,1580572450151140622,,0,1,42.35097066666667,-71.08077866666666,6.0,0.0,0.0,0.0,0.0,0.0,0.0,0.0,0.0,0.0,0
1580572451162860267,957,1580572451158801027,,0,1,42.350994666666665,-71.08069333333333,6.0,0.0,0.0,0.0,0.0,0.0,0.0,0.0,0.0,0.0,0
1580572452170001523,958,1580572452168965041,,0,1,42.351016,-71.08061866666667,6.0,0.0,0.0,0.0,0.0,0.0,0.0,0.0,0.0,0.0,0
1580572453197918254,959,1580572453179237178,,0,1,42.35102933333334,-71.08056,6.0,0.0,0.0,0.0,0.0,0.0,0.0,0.0,0.0,0.0,0
1580572454199291163,960,1580572454196116028,,0,1,42.35103466666666,-71.08050133333333,6.0,0.0,0.0,0.0,0.0,0.0,0.0,0.0,0.0,0.0,0
1580572455209066135,961,1580572455198813455,,0,1,42.35102933333334,-71.08045333333334,6.0,0.0,0.0,0.0,0.0,0.0,0.0,0.0,0.0,0.0,0
1580572456209588015,962,1580572456209054258,,0,1,42.35100533333333,-71.08040533333333,6.0,0.0,0.0,0.0,0.0,0.0,0.0,0.0,0.0,0.0,0
1580572457230125656,963,1580572457229281517,,0,1,42.35097066666667,-71.080368,6.0,0.0,0.0,0.0,0.0,0.0,0.0,0.0,0.0,0.0,0
1580572459109105887,964,1580572458238813736,,0,1,42.35093066666666,-71.080336,6.0,0.0,0.0,0.0,0.0,0.0,0.0,0.0,0.0,0.0,0
1580572459251513110,965,1580572459250924472,,0,1,42.350882666666664,-71.08030933333333,6.0,0.0,0.0,0.0,0.0,0.0,0.0,0.0,0.0,0.0,0
1580572461079247260,966,1580572460261837897,,0,1,42.350832,-71.08028266666666,6.0,0.0,0.0,0.0,0.0,0.0,0.0,0.0,0.0,0.0,0
1580572462109640384,967,1580572461273324304,,0,1,42.35077866666666,-71.08026133333334,6.0,0.0,0.0,0.0,0.0,0.0,0.0,0.0,0.0,0.0,0
1580572463089372117,968,1580572462278875811,,0,1,42.350730666666664,-71.08023466666667,6.0,0.0,0.0,0.0,0.0,0.0,0.0,0.0,0.0,0.0,0
1580572464079355621,969,1580572463289360065,,0,1,42.35068533333333,-71.08021333333333,6.0,0.0,0.0,0.0,0.0,0.0,0.0,0.0,0.0,0.0,0
1580572465109236010,970,1580572464298793702,,0,1,42.35064533333333,-71.080192,6.0,0.0,0.0,0.0,0.0,0.0,0.0,0.0,0.0,0.0,0
1580572466089635808,971,1580572465308892518,,0,1,42.35061066666667,-71.080176,6.0,0.0,0.0,0.0,0.0,0.0,0.0,0.0,0.0,0.0,0
1580572467079326789,972,1580572466318869729,,0,1,42.350586666666665,-71.08016533333333,6.0,0.0,0.0,0.0,0.0,0.0,0.0,0.0,0.0,0.0,0
1580572468109382712,973,1580572467329701774,,0,1,42.350568,-71.08015466666667,6.0,0.0,0.0,0.0,0.0,0.0,0.0,0.0,0.0,0.0,0
1580572469089297263,974,1580572468338907186,,0,1,42.35056266666667,-71.08014933333334,6.0,0.0,0.0,0.0,0.0,0.0,0.0,0.0,0.0,0.0,0
1580572470079552565,975,1580572469350889933,,0,1,42.350557333333334,-71.08014933333334,6.0,0.0,0.0,0.0,0.0,0.0,0.0,0.0,0.0,0.0,0
1580572471109289559,976,1580572470369013493,,0,1,42.350557333333334,-71.08014933333334,6.0,0.0,0.0,0.0,0.0,0.0,0.0,0.0,0.0,0.0,0
1580572472089390427,977,1580572471378838962,,0,1,42.350557333333334,-71.08014933333334,6.0,0.0,0.0,0.0,0.0,0.0,0.0,0.0,0.0,0.0,0
1580572473079201674,978,1580572472390054607,,0,1,42.350557333333334,-71.08014933333334,6.0,0.0,0.0,0.0,0.0,0.0,0.0,0.0,0.0,0.0,0
1580572474109707292,979,1580572473398793366,,0,1,42.350557333333334,-71.08014933333334,6.0,0.0,0.0,0.0,0.0,0.0,0.0,0.0,0.0,0.0,0
1580572475090031624,980,1580572474410221975,,0,1,42.350557333333334,-71.08014933333334,6.0,0.0,0.0,0.0,0.0,0.0,0.0,0.0,0.0,0.0,0
1580572476069320291,981,1580572475418796328,,0,1,42.350557333333334,-71.08014933333334,6.0,0.0,0.0,0.0,0.0,0.0,0.0,0.0,0.0,0.0,0
1580572477109491573,982,1580572476428980259,,0,1,42.350557333333334,-71.08014933333334,6.0,0.0,0.0,0.0,0.0,0.0,0.0,0.0,0.0,0.0,0
1580572478089377717,983,1580572477438996053,,0,1,42.350557333333334,-71.08014933333334,6.0,0.0,0.0,0.0,0.0,0.0,0.0,0.0,0.0,0.0,0
1580572479069266072,984,1580572478458953513,,0,1,42.350557333333334,-71.08014933333334,6.0,0.0,0.0,0.0,0.0,0.0,0.0,0.0,0.0,0.0,0
1580572480109421862,985,1580572479469204166,,0,1,42.350557333333334,-71.08014933333334,6.0,0.0,0.0,0.0,0.0,0.0,0.0,0.0,0.0,0.0,0
1580572481091894164,986,1580572480478844496,,0,1,42.350557333333334,-71.08014933333334,6.0,0.0,0.0,0.0,0.0,0.0,0.0,0.0,0.0,0.0,0
1580572482069515987,987,1580572481489251365,,0,1,42.350557333333334,-71.08014933333334,6.0,0.0,0.0,0.0,0.0,0.0,0.0,0.0,0.0,0.0,0
1580572483109460737,988,1580572482499052300,,0,1,42.350557333333334,-71.08014933333334,6.0,0.0,0.0,0.0,0.0,0.0,0.0,0.0,0.0,0.0,0
1580572484090272846,989,1580572483509429633,,0,1,42.350557333333334,-71.08014933333334,6.0,0.0,0.0,0.0,0.0,0.0,0.0,0.0,0.0,0.0,0
1580572485069526602,990,1580572484519190875,,0,1,42.350557333333334,-71.08014933333334,6.0,0.0,0.0,0.0,0.0,0.0,0.0,0.0,0.0,0.0,0
1580572486109595255,991,1580572485529368366,,0,1,42.350557333333334,-71.08014933333334,6.0,0.0,0.0,0.0,0.0,0.0,0.0,0.0,0.0,0.0,0
1580572487090420352,992,1580572486539190080,,0,1,42.350557333333334,-71.08014933333334,6.0,0.0,0.0,0.0,0.0,0.0,0.0,0.0,0.0,0.0,0
1580572488069299145,993,1580572487550764670,,0,1,42.350557333333334,-71.08014933333334,6.0,0.0,0.0,0.0,0.0,0.0,0.0,0.0,0.0,0.0,0
1580572489109489202,994,1580572488562301214,,0,1,42.350557333333334,-71.08014933333334,6.0,0.0,0.0,0.0,0.0,0.0,0.0,0.0,0.0,0.0,0
1580572490090184494,995,1580572489579057249,,0,1,42.350557333333334,-71.08014933333334,6.0,0.0,0.0,0.0,0.0,0.0,0.0,0.0,0.0,0.0,0
1580572491069402918,996,1580572490590373282,,0,1,42.350557333333334,-71.08014933333334,6.0,0.0,0.0,0.0,0.0,0.0,0.0,0.0,0.0,0.0,0
1580572492109480843,997,1580572491598926897,,0,1,42.350557333333334,-71.08014933333334,6.0,0.0,0.0,0.0,0.0,0.0,0.0,0.0,0.0,0.0,0
1580572493090349789,998,1580572492608877830,,0,1,42.35054933333333,-71.080144,6.0,0.0,0.0,0.0,0.0,0.0,0.0,0.0,0.0,0.0,0
1580572494629546199,999,1580572493618902291,,0,1,42.35052533333333,-71.08013333333334,6.0,0.0,0.0,0.0,0.0,0.0,0.0,0.0,0.0,0.0,0
1580572495639685108,1000,1580572494629041414,,0,1,42.35049333333333,-71.08011733333333,6.0,0.0,0.0,0.0,0.0,0.0,0.0,0.0,0.0,0.0,0
1580572496652438144,1001,1580572495639280650,,0,1,42.350461333333335,-71.08010133333333,6.0,0.0,0.0,0.0,0.0,0.0,0.0,0.0,0.0,0.0,0
1580572497659452918,1002,1580572496651966423,,0,1,42.35042933333333,-71.08008533333333,6.0,0.0,0.0,0.0,0.0,0.0,0.0,0.0,0.0,0.0,0
1580572498669653003,1003,1580572497659011400,,0,1,42.35039733333333,-71.08006933333333,6.0,0.0,0.0,0.0,0.0,0.0,0.0,0.0,0.0,0.0,0
1580572499679199828,1004,1580572498669111685,,0,1,42.350376,-71.080064,6.0,0.0,0.0,0.0,0.0,0.0,0.0,0.0,0.0,0.0,0
1580572500689667806,1005,1580572499678889762,,0,1,42.350352,-71.08005333333334,6.0,0.0,0.0,0.0,0.0,0.0,0.0,0.0,0.0,0.0,0
1580572501699252309,1006,1580572500689319315,,0,1,42.350328,-71.08005333333334,6.0,0.0,0.0,0.0,0.0,0.0,0.0,0.0,0.0,0.0,0
1580572502709638141,1007,1580572501698949097,,0,1,42.35030666666667,-71.08005866666667,6.0,0.0,0.0,0.0,0.0,0.0,0.0,0.0,0.0,0.0,0
1580572503729665432,1008,1580572502709213438,,0,1,42.35028533333333,-71.08008,6.0,0.0,0.0,0.0,0.0,0.0,0.0,0.0,0.0,0.0,0
1580572504739617406,1009,1580572503729128616,,0,1,42.350264,-71.08011733333333,6.0,0.0,0.0,0.0,0.0,0.0,0.0,0.0,0.0,0.0,0
1580572505742750393,1010,1580572504739106251,,0,1,42.35024533333333,-71.08016533333333,6.0,0.0,0.0,0.0,0.0,0.0,0.0,0.0,0.0,0.0,0
1580572506759316256,1011,1580572505739097284,,0,1,42.350224,-71.08022933333334,6.0,0.0,0.0,0.0,0.0,0.0,0.0,0.0,0.0,0.0,0
1580572507769518196,1012,1580572506758947461,,0,1,42.35020266666667,-71.08029866666666,6.0,0.0,0.0,0.0,0.0,0.0,0.0,0.0,0.0,0.0,0
1580572508779523221,1013,1580572507769004004,,0,1,42.35018133333333,-71.080368,6.0,0.0,0.0,0.0,0.0,0.0,0.0,0.0,0.0,0.0,0
1580572509790628033,1014,1580572508779030678,,0,1,42.35016,-71.08044266666667,6.0,0.0,0.0,0.0,0.0,0.0,0.0,0.0,0.0,0.0,0
1580572510800069910,1015,1580572509790363793,,0,1,42.350136,-71.08051733333333,6.0,0.0,0.0,0.0,0.0,0.0,0.0,0.0,0.0,0.0,0
1580572511809725570,1016,1580572510799245310,,0,1,42.35011466666667,-71.08058666666666,6.0,0.0,0.0,0.0,0.0,0.0,0.0,0.0,0.0,0.0,0
1580572512819440594,1017,1580572511809177797,,0,1,42.350096,-71.080656,6.0,0.0,0.0,0.0,0.0,0.0,0.0,0.0,0.0,0.0,0
1580572513830674692,1018,1580572512818945588,,0,1,42.350074666666664,-71.08072,6.0,0.0,0.0,0.0,0.0,0.0,0.0,0.0,0.0,0.0,0
1580572514844394931,1019,1580572513830216659,,0,1,42.35005066666667,-71.080784,6.0,0.0,0.0,0.0,0.0,0.0,0.0,0.0,0.0,0.0,0
1580572515852838994,1020,1580572514839153329,,0,1,42.350032,-71.080848,6.0,0.0,0.0,0.0,0.0,0.0,0.0,0.0,0.0,0.0,0
1580572516859527581,1021,1580572515852303219,,0,1,42.35001066666667,-71.08091733333333,6.0,0.0,0.0,0.0,0.0,0.0,0.0,0.0,0.0,0.0,0
1580572517869489999,1022,1580572516859094189,,0,1,42.34999466666667,-71.08098666666666,6.0,0.0,0.0,0.0,0.0,0.0,0.0,0.0,0.0,0.0,0
1580572518890993634,1023,1580572517869021664,,0,1,42.349978666666665,-71.081056,6.0,0.0,0.0,0.0,0.0,0.0,0.0,0.0,0.0,0.0,0
1580572519903282222,1024,1580572518890491733,,0,1,42.34996,-71.08112533333333,6.0,0.0,0.0,0.0,0.0,0.0,0.0,0.0,0.0,0.0,0
1580572520911220249,1025,1580572519898989384,,0,1,42.349941333333334,-71.08119466666666,6.0,0.0,0.0,0.0,0.0,0.0,0.0,0.0,0.0,0.0,0
1580572521919477602,1026,1580572520910894060,,0,1,42.34992,-71.081264,6.0,0.0,0.0,0.0,0.0,0.0,0.0,0.0,0.0,0.0,0
1580572522930100832,1027,1580572521919026588,,0,1,42.34989866666667,-71.08133333333333,6.0,0.0,0.0,0.0,0.0,0.0,0.0,0.0,0.0,0.0,0
1580572523939696057,1028,1580572522929598562,,0,1,42.34987733333333,-71.08139733333333,6.0,0.0,0.0,0.0,0.0,0.0,0.0,0.0,0.0,0.0,0
1580572524069868845,1029,1580572523939291234,,0,1,42.34985866666667,-71.08146666666667,6.0,0.0,0.0,0.0,0.0,0.0,0.0,0.0,0.0,0.0,0
1580572525110616965,1030,1580572524952152112,,0,1,42.34983733333333,-71.08153066666667,6.0,0.0,0.0,0.0,0.0,0.0,0.0,0.0,0.0,0.0,0
1580572526090876552,1031,1580572525959030099,,0,1,42.349818666666664,-71.08159466666666,6.0,0.0,0.0,0.0,0.0,0.0,0.0,0.0,0.0,0.0,0
1580572527069768148,1032,1580572526969287878,,0,1,42.34980266666667,-71.08165866666667,6.0,0.0,0.0,0.0,0.0,0.0,0.0,0.0,0.0,0.0,0
1580572528110057813,1033,1580572527979014320,,0,1,42.349784,-71.08171733333333,6.0,0.0,0.0,0.0,0.0,0.0,0.0,0.0,0.0,0.0,0
1580572529091231607,1034,1580572528991009024,,0,1,42.349770666666664,-71.08177066666667,6.0,0.0,0.0,0.0,0.0,0.0,0.0,0.0,0.0,0.0,0
1580572530069849040,1035,1580572530009660354,,0,1,42.34976,-71.08180266666666,6.0,0.0,0.0,0.0,0.0,0.0,0.0,0.0,0.0,0.0,0
1580572531110703152,1036,1580572531009372596,,0,1,42.349752,-71.08182933333333,6.0,0.0,0.0,0.0,0.0,0.0,0.0,0.0,0.0,0.0,0
1580572532091047216,1037,1580572532019175425,,0,1,42.34974666666667,-71.08185066666667,6.0,0.0,0.0,0.0,0.0,0.0,0.0,0.0,0.0,0.0,0
1580572533070023403,1038,1580572533039091210,,0,1,42.349741333333334,-71.08186666666667,6.0,0.0,0.0,0.0,0.0,0.0,0.0,0.0,0.0,0.0,0
1580572534110157759,1039,1580572534053302441,,0,1,42.34973866666667,-71.08187733333334,6.0,0.0,0.0,0.0,0.0,0.0,0.0,0.0,0.0,0.0,0
1580572535091312867,1040,1580572535059403551,,0,1,42.349736,-71.081888,6.0,0.0,0.0,0.0,0.0,0.0,0.0,0.0,0.0,0.0,0
1580572536071190071,1041,1580572536069496221,,0,1,42.349736,-71.08189333333333,6.0,0.0,0.0,0.0,0.0,0.0,0.0,0.0,0.0,0.0,0
1580572537110082235,1042,1580572537079036527,,0,1,42.349736,-71.081888,6.0,0.0,0.0,0.0,0.0,0.0,0.0,0.0,0.0,0.0,0
1580572538091513669,1043,1580572538090398260,,0,1,42.349736,-71.081888,6.0,0.0,0.0,0.0,0.0,0.0,0.0,0.0,0.0,0.0,0
1580572539103315547,1044,1580572539100831583,,0,1,42.349736,-71.081888,6.0,0.0,0.0,0.0,0.0,0.0,0.0,0.0,0.0,0.0,0
1580572540111142098,1045,1580572540109887240,,0,1,42.349736,-71.081888,6.0,0.0,0.0,0.0,0.0,0.0,0.0,0.0,0.0,0.0,0
1580572541119589117,1046,1580572541119107599,,0,1,42.349736,-71.081888,6.0,0.0,0.0,0.0,0.0,0.0,0.0,0.0,0.0,0.0,0
1580572542130711112,1047,1580572542129856719,,0,1,42.349736,-71.081888,6.0,0.0,0.0,0.0,0.0,0.0,0.0,0.0,0.0,0.0,0
1580572543142707835,1048,1580572543139394941,,0,1,42.349736,-71.081888,6.0,0.0,0.0,0.0,0.0,0.0,0.0,0.0,0.0,0.0,0
1580572544163167064,1049,1580572544159261541,,0,1,42.349736,-71.081888,6.0,0.0,0.0,0.0,0.0,0.0,0.0,0.0,0.0,0.0,0
1580572545169852508,1050,1580572545159478845,,0,1,42.349736,-71.081888,6.0,0.0,0.0,0.0,0.0,0.0,0.0,0.0,0.0,0.0,0
1580572546170727695,1051,1580572546169620496,,0,1,42.349736,-71.081888,6.0,0.0,0.0,0.0,0.0,0.0,0.0,0.0,0.0,0.0,0
1580572547195357928,1052,1580572547179030589,,0,1,42.349736,-71.081888,6.0,0.0,0.0,0.0,0.0,0.0,0.0,0.0,0.0,0.0,0
1580572548195270932,1053,1580572548194655230,,0,1,42.349736,-71.081888,6.0,0.0,0.0,0.0,0.0,0.0,0.0,0.0,0.0,0.0,0
1580572549209969814,1054,1580572549199740792,,0,1,42.349736,-71.081888,6.0,0.0,0.0,0.0,0.0,0.0,0.0,0.0,0.0,0.0,0
1580572550210350760,1055,1580572550209441440,,0,1,42.349736,-71.081888,6.0,0.0,0.0,0.0,0.0,0.0,0.0,0.0,0.0,0.0,0
1580572551220264466,1056,1580572551219376736,,0,1,42.349736,-71.081888,6.0,0.0,0.0,0.0,0.0,0.0,0.0,0.0,0.0,0.0,0
1580572552243640488,1057,1580572552243018085,,0,1,42.349736,-71.081888,6.0,0.0,0.0,0.0,0.0,0.0,0.0,0.0,0.0,0.0,0
1580572553252449844,1058,1580572553239753791,,0,1,42.349736,-71.081888,6.0,0.0,0.0,0.0,0.0,0.0,0.0,0.0,0.0,0.0,0
1580572555099662117,1059,1580572554259120052,,0,1,42.349736,-71.081888,6.0,0.0,0.0,0.0,0.0,0.0,0.0,0.0,0.0,0.0,0
1580572556091792370,1060,1580572555269460427,,0,1,42.349736,-71.081888,6.0,0.0,0.0,0.0,0.0,0.0,0.0,0.0,0.0,0.0,0
1580572557069957522,1061,1580572556279092975,,0,1,42.349736,-71.081888,6.0,0.0,0.0,0.0,0.0,0.0,0.0,0.0,0.0,0.0,0
1580572558099561020,1062,1580572557291038150,,0,1,42.349736,-71.081888,6.0,0.0,0.0,0.0,0.0,0.0,0.0,0.0,0.0,0.0,0
1580572559091296034,1063,1580572558299464424,,0,1,42.349736,-71.081888,6.0,0.0,0.0,0.0,0.0,0.0,0.0,0.0,0.0,0.0,0
1580572560069974885,1064,1580572559309512934,,0,1,42.349736,-71.081888,6.0,0.0,0.0,0.0,0.0,0.0,0.0,0.0,0.0,0.0,0
1580572561099596809,1065,1580572560319189940,,0,1,42.349736,-71.081888,6.0,0.0,0.0,0.0,0.0,0.0,0.0,0.0,0.0,0.0,0
1580572562091064087,1066,1580572561329684433,,0,1,42.349736,-71.081888,6.0,0.0,0.0,0.0,0.0,0.0,0.0,0.0,0.0,0.0,0
1580572563069965268,1067,1580572562352201063,,0,1,42.349736,-71.081888,6.0,0.0,0.0,0.0,0.0,0.0,0.0,0.0,0.0,0.0,0
1580572564099616786,1068,1580572563352306406,,0,1,42.349736,-71.081888,6.0,0.0,0.0,0.0,0.0,0.0,0.0,0.0,0.0,0.0,0
1580572565091990236,1069,1580572564359093396,,0,1,42.349736,-71.081888,6.0,0.0,0.0,0.0,0.0,0.0,0.0,0.0,0.0,0.0,0
1580572566069975100,1070,1580572565369527240,,0,1,42.349736,-71.081888,6.0,0.0,0.0,0.0,0.0,0.0,0.0,0.0,0.0,0.0,0
1580572567099639755,1071,1580572566392152673,,0,1,42.349736,-71.081888,6.0,0.0,0.0,0.0,0.0,0.0,0.0,0.0,0.0,0.0,0
1580572568092527999,1072,1580572567399297702,,0,1,42.349736,-71.081888,6.0,0.0,0.0,0.0,0.0,0.0,0.0,0.0,0.0,0.0,0
1580572569069917303,1073,1580572568410303826,,0,1,42.349736,-71.081888,6.0,0.0,0.0,0.0,0.0,0.0,0.0,0.0,0.0,0.0,0
1580572570099678187,1074,1580572569419271508,,0,1,42.349736,-71.081888,6.0,0.0,0.0,0.0,0.0,0.0,0.0,0.0,0.0,0.0,0
1580572571092033599,1075,1580572570430303078,,0,1,42.349736,-71.081888,6.0,0.0,0.0,0.0,0.0,0.0,0.0,0.0,0.0,0.0,0
1580572572070032298,1076,1580572571439222392,,0,1,42.349736,-71.081888,6.0,0.0,0.0,0.0,0.0,0.0,0.0,0.0,0.0,0.0,0
1580572573099770696,1077,1580572572451700424,,0,1,42.349736,-71.081888,6.0,0.0,0.0,0.0,0.0,0.0,0.0,0.0,0.0,0.0,0
1580572574091991239,1078,1580572573459246935,,0,1,42.349736,-71.081888,6.0,0.0,0.0,0.0,0.0,0.0,0.0,0.0,0.0,0.0,0
1580572575070036995,1079,1580572574469455846,,0,1,42.349736,-71.081888,6.0,0.0,0.0,0.0,0.0,0.0,0.0,0.0,0.0,0.0,0
1580572576099654416,1080,1580572575492615192,,0,1,42.349736,-71.081888,6.0,0.0,0.0,0.0,0.0,0.0,0.0,0.0,0.0,0.0,0
1580572577091327454,1081,1580572576499490556,,0,1,42.349736,-71.081888,6.0,0.0,0.0,0.0,0.0,0.0,0.0,0.0,0.0,0.0,0
1580572578070142949,1082,1580572577509238748,,0,1,42.349736,-71.081888,6.0,0.0,0.0,0.0,0.0,0.0,0.0,0.0,0.0,0.0,0
1580572579099698161,1083,1580572578519229606,,0,1,42.349736,-71.081888,6.0,0.0,0.0,0.0,0.0,0.0,0.0,0.0,0.0,0.0,0
1580572580091034438,1084,1580572579529665495,,0,1,42.349736,-71.081888,6.0,0.0,0.0,0.0,0.0,0.0,0.0,0.0,0.0,0.0,0
1580572581070074497,1085,1580572580539275169,,0,1,42.349736,-71.081888,6.0,0.0,0.0,0.0,0.0,0.0,0.0,0.0,0.0,0.0,0
1580572582099902978,1086,1580572581551917056,,0,1,42.349736,-71.08189333333333,6.0,0.0,0.0,0.0,0.0,0.0,0.0,0.0,0.0,0.0,0
1580572583091415352,1087,1580572582562759324,,0,1,42.34973333333333,-71.081904,6.0,0.0,0.0,0.0,0.0,0.0,0.0,0.0,0.0,0.0,0
1580572584069902667,1088,1580572583569502986,,0,1,42.349728,-71.08192,6.0,0.0,0.0,0.0,0.0,0.0,0.0,0.0,0.0,0.0,0
1580572585100032826,1089,1580572584579431269,,0,1,42.349722666666665,-71.08194133333333,6.0,0.0,0.0,0.0,0.0,0.0,0.0,0.0,0.0,0.0,0
1580572586091368562,1090,1580572585591161775,,0,1,42.349712,-71.081968,6.0,0.0,0.0,0.0,0.0,0.0,0.0,0.0,0.0,0.0,0
1580572587612217776,1091,1580572586609538457,,0,1,42.34970666666667,-71.08199466666667,6.0,0.0,0.0,0.0,0.0,0.0,0.0,0.0,0.0,0.0,0
1580572588633634083,1092,1580572587609579809,,0,1,42.349701333333336,-71.08202133333333,6.0,0.0,0.0,0.0,0.0,0.0,0.0,0.0,0.0,0.0,0
1580572589640073838,1093,1580572588629974212,,0,1,42.349696,-71.082032,6.0,0.0,0.0,0.0,0.0,0.0,0.0,0.0,0.0,0.0,0
1580572590652770142,1094,1580572589639519162,,0,1,42.349696,-71.08204266666667,6.0,0.0,0.0,0.0,0.0,0.0,0.0,0.0,0.0,0.0,0
1580572591661289746,1095,1580572590652184764,,0,1,42.349693333333335,-71.08205333333333,6.0,0.0,0.0,0.0,0.0,0.0,0.0,0.0,0.0,0.0,0
1580572592669752722,1096,1580572591660926283,,0,1,42.34969066666667,-71.08205866666667,6.0,0.0,0.0,0.0,0.0,0.0,0.0,0.0,0.0,0.0,0
1580572593680204447,1097,1580572592669277886,,0,1,42.34969066666667,-71.082064,6.0,0.0,0.0,0.0,0.0,0.0,0.0,0.0,0.0,0.0,0
1580572594691567959,1098,1580572593679840143,,0,1,42.34969066666667,-71.082064,6.0,0.0,0.0,0.0,0.0,0.0,0.0,0.0,0.0,0.0,0
1580572595700001560,1099,1580572594691253849,,0,1,42.34969066666667,-71.082064,6.0,0.0,0.0,0.0,0.0,0.0,0.0,0.0,0.0,0.0,0
1580572596710197805,1100,1580572595699531760,,0,1,42.34969066666667,-71.08206933333334,6.0,0.0,0.0,0.0,0.0,0.0,0.0,0.0,0.0,0.0,0
1580572597719967319,1101,1580572596709670122,,0,1,42.34968533333333,-71.08208533333334,6.0,0.0,0.0,0.0,0.0,0.0,0.0,0.0,0.0,0.0,0
1580572598730241488,1102,1580572597719508087,,0,1,42.34968533333333,-71.08210666666666,6.0,0.0,0.0,0.0,0.0,0.0,0.0,0.0,0.0,0.0,0
1580572599739898336,1103,1580572598729688780,,0,1,42.34968533333333,-71.08213333333333,6.0,0.0,0.0,0.0,0.0,0.0,0.0,0.0,0.0,0.0,0
1580572600752517863,1104,1580572599739433466,,0,1,42.349693333333335,-71.08216,6.0,0.0,0.0,0.0,0.0,0.0,0.0,0.0,0.0,0.0,0
1580572601759880838,1105,1580572600752086930,,0,1,42.34970666666667,-71.082192,6.0,0.0,0.0,0.0,0.0,0.0,0.0,0.0,0.0,0.0,0
1580572602771651586,1106,1580572601759465266,,0,1,42.349730666666666,-71.08221333333333,6.0,0.0,0.0,0.0,0.0,0.0,0.0,0.0,0.0,0.0,0
1580572603780127231,1107,1580572602771291897,,0,1,42.34976533333333,-71.08224,6.0,0.0,0.0,0.0,0.0,0.0,0.0,0.0,0.0,0.0,0
1580572604791521342,1108,1580572603779668703,,0,1,42.34980266666667,-71.08226666666667,6.0,0.0,0.0,0.0,0.0,0.0,0.0,0.0,0.0,0.0,0
1580572605810335669,1109,1580572604791005323,,0,1,42.349848,-71.08229333333334,6.0,0.0,0.0,0.0,0.0,0.0,0.0,0.0,0.0,0.0,0
1580572606820322615,1110,1580572605809817598,,0,1,42.349896,-71.08232,6.0,0.0,0.0,0.0,0.0,0.0,0.0,0.0,0.0,0.0,0
1580572607830741229,1111,1580572606820023821,,0,1,42.349944,-71.08234666666667,6.0,0.0,0.0,0.0,0.0,0.0,0.0,0.0,0.0,0.0,0
1580572608845771278,1112,1580572607830390484,,0,1,42.34998933333333,-71.082368,6.0,0.0,0.0,0.0,0.0,0.0,0.0,0.0,0.0,0.0,0
1580572609852425985,1113,1580572608839665179,,0,1,42.350032,-71.08239466666667,6.0,0.0,0.0,0.0,0.0,0.0,0.0,0.0,0.0,0.0,0
1580572610859868640,1114,1580572609852007672,,0,1,42.35007733333333,-71.082416,6.0,0.0,0.0,0.0,0.0,0.0,0.0,0.0,0.0,0.0,0
1580572611869909784,1115,1580572610859274720,,0,1,42.35011466666667,-71.082432,6.0,0.0,0.0,0.0,0.0,0.0,0.0,0.0,0.0,0.0,0
1580572612879818761,1116,1580572611869400264,,0,1,42.35014666666667,-71.082448,6.0,0.0,0.0,0.0,0.0,0.0,0.0,0.0,0.0,0.0,0
1580572613899697231,1117,1580572612879326010,,0,1,42.35017066666666,-71.082464,6.0,0.0,0.0,0.0,0.0,0.0,0.0,0.0,0.0,0.0,0
1580572614900203146,1118,1580572613899269071,,0,1,42.35018933333333,-71.08246933333334,6.0,0.0,0.0,0.0,0.0,0.0,0.0,0.0,0.0,0.0,0
1580572615910071637,1119,1580572614899618583,,0,1,42.35019466666667,-71.08247466666667,6.0,0.0,0.0,0.0,0.0,0.0,0.0,0.0,0.0,0.0,0
1580572616929941050,1120,1580572615909582626,,0,1,42.350197333333334,-71.08247466666667,6.0,0.0,0.0,0.0,0.0,0.0,0.0,0.0,0.0,0.0,0
1580572617069888249,1121,1580572616929452295,,0,1,42.350197333333334,-71.08247466666667,6.0,0.0,0.0,0.0,0.0,0.0,0.0,0.0,0.0,0.0,0
1580572618951636233,1122,1580572617940036747,,0,1,42.350197333333334,-71.08247466666667,6.0,0.0,0.0,0.0,0.0,0.0,0.0,0.0,0.0,0.0,0
1580572619089961291,1123,1580572618951316982,,0,1,42.350197333333334,-71.08247466666667,6.0,0.0,0.0,0.0,0.0,0.0,0.0,0.0,0.0,0.0,0
1580572620070969627,1124,1580572619959493285,,0,1,42.350197333333334,-71.08247466666667,6.0,0.0,0.0,0.0,0.0,0.0,0.0,0.0,0.0,0.0,0
1580572621099796808,1125,1580572620970248960,,0,1,42.350197333333334,-71.08247466666667,6.0,0.0,0.0,0.0,0.0,0.0,0.0,0.0,0.0,0.0,0
1580572622089698744,1126,1580572621979378474,,0,1,42.350197333333334,-71.08247466666667,6.0,0.0,0.0,0.0,0.0,0.0,0.0,0.0,0.0,0.0,0
1580572623070553433,1127,1580572622989808838,,0,1,42.350197333333334,-71.08247466666667,6.0,0.0,0.0,0.0,0.0,0.0,0.0,0.0,0.0,0.0,0
1580572624099773963,1128,1580572623999468637,,0,1,42.350197333333334,-71.08247466666667,6.0,0.0,0.0,0.0,0.0,0.0,0.0,0.0,0.0,0.0,0
1580572625089959937,1129,1580572625019289639,,0,1,42.350197333333334,-71.08247466666667,6.0,0.0,0.0,0.0,0.0,0.0,0.0,0.0,0.0,0.0,0
1580572626071677871,1130,1580572626019315933,,0,1,42.350197333333334,-71.08247466666667,6.0,0.0,0.0,0.0,0.0,0.0,0.0,0.0,0.0,0.0,0
1580572627099816520,1131,1580572627029763108,,0,1,42.350197333333334,-71.08247466666667,6.0,0.0,0.0,0.0,0.0,0.0,0.0,0.0,0.0,0.0,0
1580572628090054863,1132,1580572628039346768,,0,1,42.350197333333334,-71.08247466666667,6.0,0.0,0.0,0.0,0.0,0.0,0.0,0.0,0.0,0.0,0
1580572629070277013,1133,1580572629051465184,,0,1,42.350197333333334,-71.08247466666667,6.0,0.0,0.0,0.0,0.0,0.0,0.0,0.0,0.0,0.0,0
1580572630099758653,1134,1580572630069505049,,0,1,42.350197333333334,-71.08247466666667,6.0,0.0,0.0,0.0,0.0,0.0,0.0,0.0,0.0,0.0,0
1580572631089690094,1135,1580572631069436829,,0,1,42.350197333333334,-71.08247466666667,6.0,0.0,0.0,0.0,0.0,0.0,0.0,0.0,0.0,0.0,0
1580572632090136236,1136,1580572632089580862,,0,1,42.350197333333334,-71.08247466666667,6.0,0.0,0.0,0.0,0.0,0.0,0.0,0.0,0.0,0.0,0
1580572633100408208,1137,1580572633099329595,,0,1,42.350197333333334,-71.08247466666667,6.0,0.0,0.0,0.0,0.0,0.0,0.0,0.0,0.0,0.0,0
1580572634109923522,1138,1580572634109401770,,0,1,42.350197333333334,-71.08247466666667,6.0,0.0,0.0,0.0,0.0,0.0,0.0,0.0,0.0,0.0,0
1580572635119948980,1139,1580572635119365400,,0,1,42.350197333333334,-71.08247466666667,6.0,0.0,0.0,0.0,0.0,0.0,0.0,0.0,0.0,0.0,0
1580572636132912368,1140,1580572636129450996,,0,1,42.350197333333334,-71.08247466666667,6.0,0.0,0.0,0.0,0.0,0.0,0.0,0.0,0.0,0.0,0
1580572637140057398,1141,1580572637139492782,,0,1,42.350197333333334,-71.08247466666667,6.0,0.0,0.0,0.0,0.0,0.0,0.0,0.0,0.0,0.0,0
1580572638159922975,1142,1580572638159328198,,0,1,42.350197333333334,-71.08247466666667,6.0,0.0,0.0,0.0,0.0,0.0,0.0,0.0,0.0,0.0,0
1580572639170045605,1143,1580572639159482861,,0,1,42.35020266666667,-71.08248,6.0,0.0,0.0,0.0,0.0,0.0,0.0,0.0,0.0,0.0,0
1580572640170257104,1144,1580572640169583828,,0,1,42.350216,-71.08248533333334,6.0,0.0,0.0,0.0,0.0,0.0,0.0,0.0,0.0,0.0,0
1580572641201826262,1145,1580572641179656080,,0,1,42.350234666666665,-71.082496,6.0,0.0,0.0,0.0,0.0,0.0,0.0,0.0,0.0,0.0,0
1580572642200020551,1146,1580572642197575928,,0,1,42.350256,-71.082512,6.0,0.0,0.0,0.0,0.0,0.0,0.0,0.0,0.0,0.0,0
1580572643210053612,1147,1580572643209484539,,0,1,42.350282666666665,-71.082528,6.0,0.0,0.0,0.0,0.0,0.0,0.0,0.0,0.0,0.0,0
1580572644220057674,1148,1580572644219358782,,0,1,42.350312,-71.082544,6.0,0.0,0.0,0.0,0.0,0.0,0.0,0.0,0.0,0.0,0
1580572645231280495,1149,1580572645229911509,,0,1,42.35034133333333,-71.08255466666667,6.0,0.0,0.0,0.0,0.0,0.0,0.0,0.0,0.0,0.0,0
1580572646240183534,1150,1580572646239661993,,0,1,42.35037066666667,-71.08256,6.0,0.0,0.0,0.0,0.0,0.0,0.0,0.0,0.0,0.0,0
1580572648100343384,1151,1580572647251870780,,0,1,42.35039733333333,-71.08255466666667,6.0,0.0,0.0,0.0,0.0,0.0,0.0,0.0,0.0,0.0,0
1580572649089993332,1152,1580572648260497614,,0,1,42.350426666666664,-71.08254933333333,6.0,0.0,0.0,0.0,0.0,0.0,0.0,0.0,0.0,0.0,0
1580572650070089404,1153,1580572649270000503,,0,1,42.350456,-71.08252266666666,6.0,0.0,0.0,0.0,0.0,0.0,0.0,0.0,0.0,0.0,0
1580572651099785988,1154,1580572650279409710,,0,1,42.350482666666664,-71.08248,6.0,0.0,0.0,0.0,0.0,0.0,0.0,0.0,0.0,0.0,0
1580572652089980167,1155,1580572651289962578,,0,1,42.350504,-71.08242133333333,6.0,0.0,0.0,0.0,0.0,0.0,0.0,0.0,0.0,0.0,0
1580572653070069465,1156,1580572652299464310,,0,1,42.35052533333333,-71.08235733333333,6.0,0.0,0.0,0.0,0.0,0.0,0.0,0.0,0.0,0.0,0
1580572654099866211,1157,1580572653309786522,,0,1,42.35054933333333,-71.08227733333334,6.0,0.0,0.0,0.0,0.0,0.0,0.0,0.0,0.0,0.0,0
1580572655090210935,1158,1580572654319587427,,0,1,42.35057333333334,-71.082192,6.0,0.0,0.0,0.0,0.0,0.0,0.0,0.0,0.0,0.0,0
1580572656069970337,1159,1580572655330148564,,0,1,42.35060266666667,-71.08210133333333,6.0,0.0,0.0,0.0,0.0,0.0,0.0,0.0,0.0,0.0,0
1580572657099927588,1160,1580572656339647392,,0,1,42.35062666666666,-71.08202133333333,6.0,0.0,0.0,0.0,0.0,0.0,0.0,0.0,0.0,0.0,0
1580572658090443552,1161,1580572657352065160,,0,1,42.350653333333334,-71.08193066666666,6.0,0.0,0.0,0.0,0.0,0.0,0.0,0.0,0.0,0.0,0
1580572659070120949,1162,1580572658359455210,,0,1,42.35068,-71.08184533333333,6.0,0.0,0.0,0.0,0.0,0.0,0.0,0.0,0.0,0.0,0
1580572660100268322,1163,1580572659370412911,,0,1,42.350704,-71.08176,6.0,0.0,0.0,0.0,0.0,0.0,0.0,0.0,0.0,0.0,0
1580572661089953485,1164,1580572660390354012,,0,1,42.350730666666664,-71.08167466666667,6.0,0.0,0.0,0.0,0.0,0.0,0.0,0.0,0.0,0.0,0
1580572662070654343,1165,1580572661390291286,,0,1,42.35075466666667,-71.08158933333333,6.0,0.0,0.0,0.0,0.0,0.0,0.0,0.0,0.0,0.0,0
1580572663100124162,1166,1580572662411355894,,0,1,42.35077866666666,-71.081504,6.0,0.0,0.0,0.0,0.0,0.0,0.0,0.0,0.0,0.0,0
1580572664090793862,1167,1580572663419472383,,0,1,42.35080266666667,-71.081424,6.0,0.0,0.0,0.0,0.0,0.0,0.0,0.0,0.0,0.0,0
1580572665070273079,1168,1580572664430450564,,0,1,42.35082666666667,-71.081344,6.0,0.0,0.0,0.0,0.0,0.0,0.0,0.0,0.0,0.0,0
1580572666100073666,1169,1580572665439679824,,0,1,42.350850666666666,-71.081264,6.0,0.0,0.0,0.0,0.0,0.0,0.0,0.0,0.0,0.0,0
1580572667090744847,1170,1580572666459507493,,0,1,42.350872,-71.081184,6.0,0.0,0.0,0.0,0.0,0.0,0.0,0.0,0.0,0.0,0
1580572668070511253,1171,1580572667459773465,,0,1,42.350890666666665,-71.08110933333333,6.0,0.0,0.0,0.0,0.0,0.0,0.0,0.0,0.0,0.0,0
1580572669100075245,1172,1580572668479852899,,0,1,42.350912,-71.08102933333333,6.0,0.0,0.0,0.0,0.0,0.0,0.0,0.0,0.0,0.0,0
1580572670090739820,1173,1580572669490335846,,0,1,42.35093333333333,-71.08096,6.0,0.0,0.0,0.0,0.0,0.0,0.0,0.0,0.0,0.0,0
1580572671070086455,1174,1580572670499826659,,0,1,42.350952,-71.080896,6.0,0.0,0.0,0.0,0.0,0.0,0.0,0.0,0.0,0.0,0
1580572672100323856,1175,1580572671510632668,,0,1,42.350968,-71.08083733333333,6.0,0.0,0.0,0.0,0.0,0.0,0.0,0.0,0.0,0.0,0
1580572673091430278,1176,1580572672519837493,,0,1,42.350984,-71.08077866666666,6.0,0.0,0.0,0.0,0.0,0.0,0.0,0.0,0.0,0.0,0
1580572674075305205,1177,1580572673530067902,,0,1,42.35099733333333,-71.080736,6.0,0.0,0.0,0.0,0.0,0.0,0.0,0.0,0.0,0.0,0
1580572675100259684,1178,1580572674539788635,,0,1,42.351008,-71.08069866666666,6.0,0.0,0.0,0.0,0.0,0.0,0.0,0.0,0.0,0.0,0
1580572676090808511,1179,1580572675552768600,,0,1,42.35101066666667,-71.08068266666666,6.0,0.0,0.0,0.0,0.0,0.0,0.0,0.0,0.0,0.0,0
1580572677070930389,1180,1580572676560128207,,0,1,42.351016,-71.08066666666667,6.0,0.0,0.0,0.0,0.0,0.0,0.0,0.0,0.0,0.0,0
1580572678105055718,1181,1580572677570060088,,0,1,42.35101866666667,-71.08066133333334,6.0,0.0,0.0,0.0,0.0,0.0,0.0,0.0,0.0,0.0,0
1580572679090567306,1182,1580572678590312789,,0,1,42.35101866666667,-71.08066133333334,6.0,0.0,0.0,0.0,0.0,0.0,0.0,0.0,0.0,0.0,0
1580572680072329609,1183,1580572679590346733,,0,1,42.35101866666667,-71.08066133333334,6.0,0.0,0.0,0.0,0.0,0.0,0.0,0.0,0.0,0.0,0
1580572681620298437,1184,1580572680610899592,,0,1,42.35101866666667,-71.080656,6.0,0.0,0.0,0.0,0.0,0.0,0.0,0.0,0.0,0.0,0
1580572682630579727,1185,1580572681619894059,,0,1,42.351021333333335,-71.08064533333334,6.0,0.0,0.0,0.0,0.0,0.0,0.0,0.0,0.0,0.0,0
1580572683640258373,1186,1580572682630174981,,0,1,42.35102933333334,-71.08062933333333,6.0,0.0,0.0,0.0,0.0,0.0,0.0,0.0,0.0,0.0,0
1580572684655333342,1187,1580572683639847179,,0,1,42.35103466666666,-71.08060266666666,6.0,0.0,0.0,0.0,0.0,0.0,0.0,0.0,0.0,0.0,0
1580572685660619522,1188,1580572684651763629,,0,1,42.351042666666665,-71.080576,6.0,0.0,0.0,0.0,0.0,0.0,0.0,0.0,0.0,0.0,0
1580572686670912171,1189,1580572685660114736,,0,1,42.35105333333333,-71.08053866666667,6.0,0.0,0.0,0.0,0.0,0.0,0.0,0.0,0.0,0.0,0
1580572687680571908,1190,1580572686670471542,,0,1,42.351069333333335,-71.08048533333333,6.0,0.0,0.0,0.0,0.0,0.0,0.0,0.0,0.0,0.0,0
1580572688691205135,1191,1580572687680129213,,0,1,42.35108266666667,-71.08042666666667,6.0,0.0,0.0,0.0,0.0,0.0,0.0,0.0,0.0,0.0,0
1580572689700780686,1192,1580572688690743173,,0,1,42.351104,-71.08035733333334,6.0,0.0,0.0,0.0,0.0,0.0,0.0,0.0,0.0,0.0,0
1580572690711858297,1193,1580572689700228012,,0,1,42.35112266666667,-71.08027733333333,6.0,0.0,0.0,0.0,0.0,0.0,0.0,0.0,0.0,0.0,0
1580572691720624918,1194,1580572690711333535,,0,1,42.351146666666665,-71.080192,6.0,0.0,0.0,0.0,0.0,0.0,0.0,0.0,0.0,0.0,0
1580572692731466952,1195,1580572691720287928,,0,1,42.35117066666667,-71.08010133333333,6.0,0.0,0.0,0.0,0.0,0.0,0.0,0.0,0.0,0.0,0
1580572693753227846,1196,1580572692730991937,,0,1,42.35119733333333,-71.08000533333333,6.0,0.0,0.0,0.0,0.0,0.0,0.0,0.0,0.0,0.0,0
1580572694752203482,1197,1580572693752727755,,0,1,42.351221333333335,-71.07991466666667,6.0,0.0,0.0,0.0,0.0,0.0,0.0,0.0,0.0,0.0,0
1580572695760701248,1198,1580572694751749845,,0,1,42.351248,-71.07981866666667,6.0,0.0,0.0,0.0,0.0,0.0,0.0,0.0,0.0,0.0,0
1580572696780776107,1199,1580572695760245880,,0,1,42.35127466666667,-71.07972266666667,6.0,0.0,0.0,0.0,0.0,0.0,0.0,0.0,0.0,0.0,0
1580572697795617537,1200,1580572696780415651,,0,1,42.35130133333333,-71.07962666666667,6.0,0.0,0.0,0.0,0.0,0.0,0.0,0.0,0.0,0.0,0
1580572698802702403,1201,1580572697790750286,,0,1,42.351328,-71.07953066666667,6.0,0.0,0.0,0.0,0.0,0.0,0.0,0.0,0.0,0.0,0
1580572699811849777,1202,1580572698802144643,,0,1,42.351354666666666,-71.07942933333334,6.0,0.0,0.0,0.0,0.0,0.0,0.0,0.0,0.0,0.0,0
1580572700820876536,1203,1580572699811332736,,0,1,42.351381333333336,-71.079328,6.0,0.0,0.0,0.0,0.0,0.0,0.0,0.0,0.0,0.0,0
1580572701832068117,1204,1580572700820441583,,0,1,42.351408,-71.07922666666667,6.0,0.0,0.0,0.0,0.0,0.0,0.0,0.0,0.0,0.0,0
1580572702840659057,1205,1580572701831609342,,0,1,42.35143466666667,-71.07912,6.0,0.0,0.0,0.0,0.0,0.0,0.0,0.0,0.0,0.0,0
1580572703852314821,1206,1580572702840263041,,0,1,42.35146133333333,-71.07901866666667,6.0,0.0,0.0,0.0,0.0,0.0,0.0,0.0,0.0,0.0,0
1580572704871172395,1207,1580572703851984489,,0,1,42.351488,-71.07891733333334,6.0,0.0,0.0,0.0,0.0,0.0,0.0,0.0,0.0,0.0,0
1580572705881061185,1208,1580572704870688495,,0,1,42.351517333333334,-71.07881066666667,6.0,0.0,0.0,0.0,0.0,0.0,0.0,0.0,0.0,0.0,0
1580572706891351953,1209,1580572705880622966,,0,1,42.351544,-71.07870933333334,6.0,0.0,0.0,0.0,0.0,0.0,0.0,0.0,0.0,0.0,0
1580572707901157191,1210,1580572706890866553,,0,1,42.35157066666667,-71.07860266666667,6.0,0.0,0.0,0.0,0.0,0.0,0.0,0.0,0.0,0.0,0
1580572708911216529,1211,1580572707900640030,,0,1,42.35159733333333,-71.07850133333334,6.0,0.0,0.0,0.0,0.0,0.0,0.0,0.0,0.0,0.0,0
1580572709920995342,1212,1580572708910935552,,0,1,42.351621333333334,-71.0784,6.0,0.0,0.0,0.0,0.0,0.0,0.0,0.0,0.0,0.0,0
1580572710071260274,1213,1580572709920642508,,0,1,42.351648,-71.07829333333333,6.0,0.0,0.0,0.0,0.0,0.0,0.0,0.0,0.0,0.0,0
1580572711941052193,1214,1580572710931401427,,0,1,42.35167466666667,-71.078192,6.0,0.0,0.0,0.0,0.0,0.0,0.0,0.0,0.0,0.0,0
1580572712091480123,1215,1580572711940515607,,0,1,42.351704,-71.07808,6.0,0.0,0.0,0.0,0.0,0.0,0.0,0.0,0.0,0.0,0
1580572713071343414,1216,1580572712950917255,,0,1,42.35173066666667,-71.07797333333333,6.0,0.0,0.0,0.0,0.0,0.0,0.0,0.0,0.0,0.0,0
1580572714101175476,1217,1580572713961020873,,0,1,42.35176,-71.077856,6.0,0.0,0.0,0.0,0.0,0.0,0.0,0.0,0.0,0.0,0
1580572715091496297,1218,1580572714970577590,,0,1,42.351789333333336,-71.07773866666666,6.0,0.0,0.0,0.0,0.0,0.0,0.0,0.0,0.0,0.0,0
1580572716071081111,1219,1580572715980818141,,0,1,42.35181866666667,-71.07762133333334,6.0,0.0,0.0,0.0,0.0,0.0,0.0,0.0,0.0,0.0,0
1580572717101284423,1220,1580572716991227093,,0,1,42.351850666666664,-71.07749866666667,6.0,0.0,0.0,0.0,0.0,0.0,0.0,0.0,0.0,0.0,0
1580572718091737142,1221,1580572718007169867,,0,1,42.35188266666667,-71.07738133333334,6.0,0.0,0.0,0.0,0.0,0.0,0.0,0.0,0.0,0.0,0
1580572719072413600,1222,1580572719010904421,,0,1,42.351912,-71.07726933333333,6.0,0.0,0.0,0.0,0.0,0.0,0.0,0.0,0.0,0.0,0
1580572720101425837,1223,1580572720024975823,,0,1,42.351941333333336,-71.07715733333333,6.0,0.0,0.0,0.0,0.0,0.0,0.0,0.0,0.0,0.0,0
1580572721091673731,1224,1580572721040704750,,0,1,42.351970666666666,-71.07704533333333,6.0,0.0,0.0,0.0,0.0,0.0,0.0,0.0,0.0,0.0,0
1580572722072136449,1225,1580572722040718097,,0,1,42.35199733333334,-71.07693866666666,6.0,0.0,0.0,0.0,0.0,0.0,0.0,0.0,0.0,0.0,0
1580572723102546966,1226,1580572723060730887,,0,1,42.35202666666667,-71.076832,6.0,0.0,0.0,0.0,0.0,0.0,0.0,0.0,0.0,0.0,0
1580572724091720431,1227,1580572724071783773,,0,1,42.35205333333333,-71.07673066666666,6.0,0.0,0.0,0.0,0.0,0.0,0.0,0.0,0.0,0.0,0
1580572725085251761,1228,1580572725081053583,,0,1,42.35208,-71.07662933333333,6.0,0.0,0.0,0.0,0.0,0.0,0.0,0.0,0.0,0.0,0
1580572726102806073,1229,1580572726091085256,,0,1,42.352104,-71.076544,6.0,0.0,0.0,0.0,0.0,0.0,0.0,0.0,0.0,0.0,0
1580572727105549084,1230,1580572727101859217,,0,1,42.352128,-71.07645866666667,6.0,0.0,0.0,0.0,0.0,0.0,0.0,0.0,0.0,0.0,0
1580572728112728066,1231,1580572728111917536,,0,1,42.35214933333334,-71.07637866666667,6.0,0.0,0.0,0.0,0.0,0.0,0.0,0.0,0.0,0.0,0
1580572729132344784,1232,1580572729124214854,,0,1,42.35216533333333,-71.076304,6.0,0.0,0.0,0.0,0.0,0.0,0.0,0.0,0.0,0.0,0
1580572730132293983,1233,1580572730131773013,,0,1,42.352181333333334,-71.07624,6.0,0.0,0.0,0.0,0.0,0.0,0.0,0.0,0.0,0.0,0
1580572731152228578,1234,1580572731141962131,,0,1,42.352184,-71.07618666666667,6.0,0.0,0.0,0.0,0.0,0.0,0.0,0.0,0.0,0.0,0
1580572732174414386,1235,1580572732173707536,,0,1,42.35217333333333,-71.07613866666667,6.0,0.0,0.0,0.0,0.0,0.0,0.0,0.0,0.0,0.0,0
1580572733185102495,1236,1580572733179698914,,0,1,42.35214666666667,-71.076096,6.0,0.0,0.0,0.0,0.0,0.0,0.0,0.0,0.0,0.0,0
1580572734185343369,1237,1580572734173046753,,0,1,42.35210933333333,-71.076064,6.0,0.0,0.0,0.0,0.0,0.0,0.0,0.0,0.0,0.0,0
1580572735208133561,1238,1580572735204102363,,0,1,42.35206933333333,-71.07604266666667,6.0,0.0,0.0,0.0,0.0,0.0,0.0,0.0,0.0,0.0,0
1580572736207969353,1239,1580572736197523615,,0,1,42.352024,-71.07602666666666,6.0,0.0,0.0,0.0,0.0,0.0,0.0,0.0,0.0,0.0,0
1580572737212583974,1240,1580572737209734359,,0,1,42.35197866666667,-71.07600533333333,6.0,0.0,0.0,0.0,0.0,0.0,0.0,0.0,0.0,0.0,0
1580572738229115118,1241,1580572738224244777,,0,1,42.351933333333335,-71.075984,6.0,0.0,0.0,0.0,0.0,0.0,0.0,0.0,0.0,0.0,0
1580572739232142057,1242,1580572739229741411,,0,1,42.35189066666667,-71.07595733333333,6.0,0.0,0.0,0.0,0.0,0.0,0.0,0.0,0.0,0.0,0
1580572741100070522,1243,1580572740239730421,,0,1,42.35184533333333,-71.07594133333333,6.0,0.0,0.0,0.0,0.0,0.0,0.0,0.0,0.0,0.0,0
1580572741252601789,1244,1580572741252027998,,0,1,42.351802666666664,-71.07592,6.0,0.0,0.0,0.0,0.0,0.0,0.0,0.0,0.0,0.0,0
1580572743070154186,1245,1580572742259661977,,0,1,42.35176533333333,-71.075904,6.0,0.0,0.0,0.0,0.0,0.0,0.0,0.0,0.0,0.0,0
1580572744100564686,1246,1580572743269719643,,0,1,42.351736,-71.075888,6.0,0.0,0.0,0.0,0.0,0.0,0.0,0.0,0.0,0.0,0
1580572745086142123,1247,1580572744279786233,,0,1,42.35171733333333,-71.07587733333334,6.0,0.0,0.0,0.0,0.0,0.0,0.0,0.0,0.0,0.0,0
1580572746070094913,1248,1580572745289734440,,0,1,42.351704,-71.075872,6.0,0.0,0.0,0.0,0.0,0.0,0.0,0.0,0.0,0.0,0
1580572747100174852,1249,1580572746299886300,,0,1,42.351696,-71.07586666666667,6.0,0.0,0.0,0.0,0.0,0.0,0.0,0.0,0.0,0.0,0
1580572748080399255,1250,1580572747309826477,,0,1,42.351696,-71.07586133333334,6.0,0.0,0.0,0.0,0.0,0.0,0.0,0.0,0.0,0.0,0
1580572749070250479,1251,1580572748319846967,,0,1,42.351696,-71.07586133333334,6.0,0.0,0.0,0.0,0.0,0.0,0.0,0.0,0.0,0.0,0
1580572750100210376,1252,1580572749330009063,,0,1,42.351696,-71.07586133333334,6.0,0.0,0.0,0.0,0.0,0.0,0.0,0.0,0.0,0.0,0
1580572751083929350,1253,1580572750350034190,,0,1,42.351696,-71.07586133333334,6.0,0.0,0.0,0.0,0.0,0.0,0.0,0.0,0.0,0.0,0
1580572752070203359,1254,1580572751349942455,,0,1,42.351696,-71.07586133333334,6.0,0.0,0.0,0.0,0.0,0.0,0.0,0.0,0.0,0.0,0
1580572753100523532,1255,1580572752369759777,,0,1,42.351696,-71.07586133333334,6.0,0.0,0.0,0.0,0.0,0.0,0.0,0.0,0.0,0.0,0
1580572754080359708,1256,1580572753379792236,,0,1,42.351696,-71.07586133333334,6.0,0.0,0.0,0.0,0.0,0.0,0.0,0.0,0.0,0.0,0
1580572755070163695,1257,1580572754389988677,,0,1,42.35169333333333,-71.07586133333334,6.0,0.0,0.0,0.0,0.0,0.0,0.0,0.0,0.0,0.0,0
1580572756100509513,1258,1580572755399734790,,0,1,42.351685333333336,-71.07586133333334,6.0,0.0,0.0,0.0,0.0,0.0,0.0,0.0,0.0,0.0,0
1580572757080741737,1259,1580572756409773643,,0,1,42.35167466666667,-71.07585066666667,6.0,0.0,0.0,0.0,0.0,0.0,0.0,0.0,0.0,0.0,0
1580572758070228023,1260,1580572757419911255,,0,1,42.351658666666665,-71.07583466666667,6.0,0.0,0.0,0.0,0.0,0.0,0.0,0.0,0.0,0.0,0
1580572759100598928,1261,1580572758430103786,,0,1,42.35164266666666,-71.075824,6.0,0.0,0.0,0.0,0.0,0.0,0.0,0.0,0.0,0.0,0
1580572760080806052,1262,1580572759439876458,,0,1,42.351632,-71.07581866666666,6.0,0.0,0.0,0.0,0.0,0.0,0.0,0.0,0.0,0.0,0
1580572761072112299,1263,1580572760449962878,,0,1,42.351621333333334,-71.07581333333333,6.0,0.0,0.0,0.0,0.0,0.0,0.0,0.0,0.0,0.0,0
1580572762100362145,1264,1580572761459967219,,0,1,42.351610666666666,-71.075808,6.0,0.0,0.0,0.0,0.0,0.0,0.0,0.0,0.0,0.0,0
1580572763080308104,1265,1580572762469949385,,0,1,42.351594666666664,-71.07579733333333,6.0,0.0,0.0,0.0,0.0,0.0,0.0,0.0,0.0,0.0,0
1580572764071156682,1266,1580572763489861943,,0,1,42.35157066666667,-71.07578133333334,6.0,0.0,0.0,0.0,0.0,0.0,0.0,0.0,0.0,0.0,0
1580572765100208580,1267,1580572764489864169,,0,1,42.35154133333333,-71.07577066666667,6.0,0.0,0.0,0.0,0.0,0.0,0.0,0.0,0.0,0.0,0
1580572766080680757,1268,1580572765509942033,,0,1,42.351512,-71.07576,6.0,0.0,0.0,0.0,0.0,0.0,0.0,0.0,0.0,0.0,0
1580572767070450434,1269,1580572766519911177,,0,1,42.35148266666667,-71.07576,6.0,0.0,0.0,0.0,0.0,0.0,0.0,0.0,0.0,0.0,0
1580572768100985707,1270,1580572767529998162,,0,1,42.351456,-71.07576533333334,6.0,0.0,0.0,0.0,0.0,0.0,0.0,0.0,0.0,0.0,0
1580572769080639590,1271,1580572768540112559,,0,1,42.351429333333336,-71.07578133333334,6.0,0.0,0.0,0.0,0.0,0.0,0.0,0.0,0.0,0.0,0
1580572770070830841,1272,1580572769550347300,,0,1,42.351408,-71.07581333333333,6.0,0.0,0.0,0.0,0.0,0.0,0.0,0.0,0.0,0.0,0
1580572771100770784,1273,1580572770560328087,,0,1,42.35138666666667,-71.075856,6.0,0.0,0.0,0.0,0.0,0.0,0.0,0.0,0.0,0.0,0
1580572772080585840,1274,1580572771570059298,,0,1,42.351368,-71.07591466666666,6.0,0.0,0.0,0.0,0.0,0.0,0.0,0.0,0.0,0.0,0
1580572773070500892,1275,1580572772590305309,,0,1,42.35134933333333,-71.075984,6.0,0.0,0.0,0.0,0.0,0.0,0.0,0.0,0.0,0.0,0
1580572774100436332,1276,1580572773590345481,,0,1,42.351328,-71.076064,6.0,0.0,0.0,0.0,0.0,0.0,0.0,0.0,0.0,0.0,0
1580572775080929000,1277,1580572774610018999,,0,1,42.351306666666666,-71.07613866666667,6.0,0.0,0.0,0.0,0.0,0.0,0.0,0.0,0.0,0.0,0
1580572776630728571,1278,1580572775619948870,,0,1,42.35128266666667,-71.076224,6.0,0.0,0.0,0.0,0.0,0.0,0.0,0.0,0.0,0.0,0
1580572777641589234,1279,1580572776630249369,,0,1,42.351258666666666,-71.076304,6.0,0.0,0.0,0.0,0.0,0.0,0.0,0.0,0.0,0.0,0
1580572778650807544,1280,1580572777640022854,,0,1,42.35123733333333,-71.076384,6.0,0.0,0.0,0.0,0.0,0.0,0.0,0.0,0.0,0.0,0
1580572779660470719,1281,1580572778650291251,,0,1,42.351216,-71.076464,6.0,0.0,0.0,0.0,0.0,0.0,0.0,0.0,0.0,0.0,0
1580572780670372121,1282,1580572779659954536,,0,1,42.351194666666665,-71.07653866666666,6.0,0.0,0.0,0.0,0.0,0.0,0.0,0.0,0.0,0.0,0
1580572781682492995,1283,1580572780669921475,,0,1,42.351176,-71.076608,6.0,0.0,0.0,0.0,0.0,0.0,0.0,0.0,0.0,0.0,0
1580572782693657479,1284,1580572781679895760,,0,1,42.35115733333333,-71.07667733333334,6.0,0.0,0.0,0.0,0.0,0.0,0.0,0.0,0.0,0.0,0
1580572783700520001,1285,1580572782690096392,,0,1,42.351136,-71.07674133333333,6.0,0.0,0.0,0.0,0.0,0.0,0.0,0.0,0.0,0.0,0
1580572784712957800,1286,1580572783699877451,,0,1,42.351117333333335,-71.07680533333334,6.0,0.0,0.0,0.0,0.0,0.0,0.0,0.0,0.0,0.0,0
1580572785720506429,1287,1580572784712546571,,0,1,42.351098666666665,-71.076864,6.0,0.0,0.0,0.0,0.0,0.0,0.0,0.0,0.0,0.0,0
1580572786731192585,1288,1580572785720001383,,0,1,42.35108,-71.07692266666666,6.0,0.0,0.0,0.0,0.0,0.0,0.0,0.0,0.0,0.0,0
1580572787740563033,1289,1580572786730707225,,0,1,42.351064,-71.07698133333334,6.0,0.0,0.0,0.0,0.0,0.0,0.0,0.0,0.0,0.0,0
1580572788760419892,1290,1580572787740015550,,0,1,42.35104533333333,-71.07702933333333,6.0,0.0,0.0,0.0,0.0,0.0,0.0,0.0,0.0,0.0,0
1580572789770417476,1291,1580572788760029370,,0,1,42.35103466666666,-71.07707733333334,6.0,0.0,0.0,0.0,0.0,0.0,0.0,0.0,0.0,0.0,0
1580572790781626944,1292,1580572789769932897,,0,1,42.35101866666667,-71.07712,6.0,0.0,0.0,0.0,0.0,0.0,0.0,0.0,0.0,0.0,0
1580572791790567210,1293,1580572790780130614,,0,1,42.351008,-71.07715733333333,6.0,0.0,0.0,0.0,0.0,0.0,0.0,0.0,0.0,0.0,0
1580572792800518492,1294,1580572791790095136,,0,1,42.351,-71.07718933333334,6.0,0.0,0.0,0.0,0.0,0.0,0.0,0.0,0.0,0.0,0
1580572793813581123,1295,1580572792800062206,,0,1,42.350994666666665,-71.07722133333333,6.0,0.0,0.0,0.0,0.0,0.0,0.0,0.0,0.0,0.0,0
1580572794820430223,1296,1580572793813271956,,0,1,42.35098933333333,-71.077248,6.0,0.0,0.0,0.0,0.0,0.0,0.0,0.0,0.0,0.0,0
1580572795831225540,1297,1580572794819951425,,0,1,42.350984,-71.07727466666667,6.0,0.0,0.0,0.0,0.0,0.0,0.0,0.0,0.0,0.0,0
1580572796851180371,1298,1580572795830729715,,0,1,42.35097866666667,-71.07729066666667,6.0,0.0,0.0,0.0,0.0,0.0,0.0,0.0,0.0,0.0,0
1580572797860270688,1299,1580572796850900742,,0,1,42.350976,-71.077296,6.0,0.0,0.0,0.0,0.0,0.0,0.0,0.0,0.0,0.0,0
1580572798870506200,1300,1580572797859896110,,0,1,42.350976,-71.07730133333334,6.0,0.0,0.0,0.0,0.0,0.0,0.0,0.0,0.0,0.0,0
1580572799880464796,1301,1580572798870003363,,0,1,42.350976,-71.07730133333334,6.0,0.0,0.0,0.0,0.0,0.0,0.0,0.0,0.0,0.0,0
1580572800890490251,1302,1580572799879991267,,0,1,42.350976,-71.07730133333334,6.0,0.0,0.0,0.0,0.0,0.0,0.0,0.0,0.0,0.0,0
1580572801900454867,1303,1580572800890055349,,0,1,42.350976,-71.077296,6.0,0.0,0.0,0.0,0.0,0.0,0.0,0.0,0.0,0.0,0
1580572802910475111,1304,1580572801899916811,,0,1,42.350976,-71.077296,6.0,0.0,0.0,0.0,0.0,0.0,0.0,0.0,0.0,0.0,0
1580572803920669704,1305,1580572802910019404,,0,1,42.350976,-71.077296,6.0,0.0,0.0,0.0,0.0,0.0,0.0,0.0,0.0,0.0,0
1580572804930337801,1306,1580572803920225423,,0,1,42.350976,-71.077296,6.0,0.0,0.0,0.0,0.0,0.0,0.0,0.0,0.0,0.0,0
1580572805081238985,1307,1580572804929940506,,0,1,42.350976,-71.077296,6.0,0.0,0.0,0.0,0.0,0.0,0.0,0.0,0.0,0.0,0
1580572806070397308,1308,1580572805944161136,,0,1,42.350976,-71.077296,6.0,0.0,0.0,0.0,0.0,0.0,0.0,0.0,0.0,0.0,0
1580572807100639662,1309,1580572806951347334,,0,1,42.350976,-71.077296,6.0,0.0,0.0,0.0,0.0,0.0,0.0,0.0,0.0,0.0,0
1580572808080921444,1310,1580572807960038936,,0,1,42.350976,-71.07729066666667,6.0,0.0,0.0,0.0,0.0,0.0,0.0,0.0,0.0,0.0,0
1580572809074216324,1311,1580572808970206222,,0,1,42.350976,-71.077296,6.0,0.0,0.0,0.0,0.0,0.0,0.0,0.0,0.0,0.0,0
1580572810101012101,1312,1580572809980246402,,0,1,42.350973333333336,-71.07730133333334,6.0,0.0,0.0,0.0,0.0,0.0,0.0,0.0,0.0,0.0,0
1580572811080807681,1313,1580572810990338987,,0,1,42.35097066666667,-71.077312,6.0,0.0,0.0,0.0,0.0,0.0,0.0,0.0,0.0,0.0,0
1580572812070202917,1314,1580572812000200141,,0,1,42.35097066666667,-71.07731733333334,6.0,0.0,0.0,0.0,0.0,0.0,0.0,0.0,0.0,0.0,0
1580572813100619450,1315,1580572813010278644,,0,1,42.350968,-71.07732266666666,6.0,0.0,0.0,0.0,0.0,0.0,0.0,0.0,0.0,0.0,0
1580572814080482135,1316,1580572814030099601,,0,1,42.350968,-71.07732266666666,6.0,0.0,0.0,0.0,0.0,0.0,0.0,0.0,0.0,0.0,0
1580572815070530000,1317,1580572815040226901,,0,1,42.350968,-71.077328,6.0,0.0,0.0,0.0,0.0,0.0,0.0,0.0,0.0,0.0,0
1580572816100480660,1318,1580572816051060301,,0,1,42.350965333333335,-71.07733333333333,6.0,0.0,0.0,0.0,0.0,0.0,0.0,0.0,0.0,0.0,0
1580572817080682007,1319,1580572817060399816,,0,1,42.35096266666667,-71.07734933333333,6.0,0.0,0.0,0.0,0.0,0.0,0.0,0.0,0.0,0.0,0
1580572818071246773,1320,1580572818070141555,,0,1,42.350957333333334,-71.07737066666667,6.0,0.0,0.0,0.0,0.0,0.0,0.0,0.0,0.0,0.0,0
1580572819101010723,1321,1580572819080408945,,0,1,42.35094933333333,-71.07739733333334,6.0,0.0,0.0,0.0,0.0,0.0,0.0,0.0,0.0,0.0,0
1580572820090922861,1322,1580572820090415369,,0,1,42.350938666666664,-71.07742933333333,6.0,0.0,0.0,0.0,0.0,0.0,0.0,0.0,0.0,0.0,0
1580572821100562786,1323,1580572821099946375,,0,1,42.35093066666666,-71.077456,6.0,0.0,0.0,0.0,0.0,0.0,0.0,0.0,0.0,0.0,0
1580572822111258485,1324,1580572822110450986,,0,1,42.35092,-71.077488,6.0,0.0,0.0,0.0,0.0,0.0,0.0,0.0,0.0,0.0,0
1580572823120613311,1325,1580572823120073109,,0,1,42.350909333333334,-71.07752533333333,6.0,0.0,0.0,0.0,0.0,0.0,0.0,0.0,0.0,0.0,0
1580572824130750993,1326,1580572824130225448,,0,1,42.350898666666666,-71.07756266666667,6.0,0.0,0.0,0.0,0.0,0.0,0.0,0.0,0.0,0.0,0
1580572825141229125,1327,1580572825140337405,,0,1,42.350890666666665,-71.07759466666667,6.0,0.0,0.0,0.0,0.0,0.0,0.0,0.0,0.0,0.0,0
1580572826160780413,1328,1580572826150974942,,0,1,42.35088533333333,-71.077616,6.0,0.0,0.0,0.0,0.0,0.0,0.0,0.0,0.0,0.0,0
1580572827170743700,1329,1580572827170165100,,0,1,42.350882666666664,-71.077632,6.0,0.0,0.0,0.0,0.0,0.0,0.0,0.0,0.0,0.0,0
1580572828180755876,1330,1580572828180015533,,0,1,42.350882666666664,-71.07764266666666,6.0,0.0,0.0,0.0,0.0,0.0,0.0,0.0,0.0,0.0,0
1580572829199117216,1331,1580572829198194154,,0,1,42.35088,-71.07765866666666,6.0,0.0,0.0,0.0,0.0,0.0,0.0,0.0,0.0,0.0,0
1580572830200856121,1332,1580572830200324008,,0,1,42.35088,-71.077664,6.0,0.0,0.0,0.0,0.0,0.0,0.0,0.0,0.0,0.0,0
1580572831211679945,1333,1580572831211140039,,0,1,42.35087733333334,-71.07767466666667,6.0,0.0,0.0,0.0,0.0,0.0,0.0,0.0,0.0,0.0,0
1580572832220740772,1334,1580572832220135381,,0,1,42.35087733333334,-71.07768533333333,6.0,0.0,0.0,0.0,0.0,0.0,0.0,0.0,0.0,0.0,0
1580572834100587363,1335,1580572833231845713,,0,1,42.35088,-71.077696,6.0,0.0,0.0,0.0,0.0,0.0,0.0,0.0,0.0,0.0,0
1580572834254464063,1336,1580572834240076612,,0,1,42.35088,-71.07770666666667,6.0,0.0,0.0,0.0,0.0,0.0,0.0,0.0,0.0,0.0,0
1580572836075065340,1337,1580572835251835263,,0,1,42.35088533333333,-71.077728,6.0,0.0,0.0,0.0,0.0,0.0,0.0,0.0,0.0,0.0,0
1580572837100542940,1338,1580572836270296002,,0,1,42.350898666666666,-71.07775466666666,6.0,0.0,0.0,0.0,0.0,0.0,0.0,0.0,0.0,0.0,0
1580572838080669249,1339,1580572837270135860,,0,1,42.350925333333336,-71.07778133333333,6.0,0.0,0.0,0.0,0.0,0.0,0.0,0.0,0.0,0.0,0
1580572839070529791,1340,1580572838280124315,,0,1,42.35096266666667,-71.07781333333334,6.0,0.0,0.0,0.0,0.0,0.0,0.0,0.0,0.0,0.0,0
1580572840100622404,1341,1580572839290443698,,0,1,42.35101066666667,-71.07784,6.0,0.0,0.0,0.0,0.0,0.0,0.0,0.0,0.0,0.0,0
1580572841080637696,1342,1580572840310213565,,0,1,42.351064,-71.07786666666667,6.0,0.0,0.0,0.0,0.0,0.0,0.0,0.0,0.0,0.0,0
1580572842070362209,1343,1580572841320246919,,0,1,42.351117333333335,-71.07789333333334,6.0,0.0,0.0,0.0,0.0,0.0,0.0,0.0,0.0,0.0,0
1580572843100521784,1344,1580572842330300569,,0,1,42.351173333333335,-71.07792,6.0,0.0,0.0,0.0,0.0,0.0,0.0,0.0,0.0,0.0,0
1580572844086162770,1345,1580572843340072004,,0,1,42.35122666666667,-71.07794666666666,6.0,0.0,0.0,0.0,0.0,0.0,0.0,0.0,0.0,0.0,0
1580572845070627772,1346,1580572844352270326,,0,1,42.35128,-71.07797333333333,6.0,0.0,0.0,0.0,0.0,0.0,0.0,0.0,0.0,0.0,0
1580572846100671955,1347,1580572845360211825,,0,1,42.35133066666667,-71.078,6.0,0.0,0.0,0.0,0.0,0.0,0.0,0.0,0.0,0.0,0
1580572847080591989,1348,1580572846370374925,,0,1,42.351376,-71.07802666666667,6.0,0.0,0.0,0.0,0.0,0.0,0.0,0.0,0.0,0.0,0
1580572848070866795,1349,1580572847390809382,,0,1,42.351416,-71.07804266666666,6.0,0.0,0.0,0.0,0.0,0.0,0.0,0.0,0.0,0.0,0
1580572849100613800,1350,1580572848390450024,,0,1,42.35144,-71.07805866666666,6.0,0.0,0.0,0.0,0.0,0.0,0.0,0.0,0.0,0.0,0
1580572850081941971,1351,1580572849400176497,,0,1,42.351456,-71.078064,6.0,0.0,0.0,0.0,0.0,0.0,0.0,0.0,0.0,0.0,0
1580572851070628075,1352,1580572850420220195,,0,1,42.35146666666667,-71.07806933333333,6.0,0.0,0.0,0.0,0.0,0.0,0.0,0.0,0.0,0.0,0
1580572852100687828,1353,1580572851430206605,,0,1,42.351469333333334,-71.07806933333333,6.0,0.0,0.0,0.0,0.0,0.0,0.0,0.0,0.0,0.0,0
1580572853080613748,1354,1580572852440247386,,0,1,42.351469333333334,-71.07806933333333,6.0,0.0,0.0,0.0,0.0,0.0,0.0,0.0,0.0,0.0,0
1580572854070484019,1355,1580572853452275965,,0,1,42.351469333333334,-71.07806933333333,6.0,0.0,0.0,0.0,0.0,0.0,0.0,0.0,0.0,0.0,0
1580572855100741461,1356,1580572854460096758,,0,1,42.351469333333334,-71.07806933333333,6.0,0.0,0.0,0.0,0.0,0.0,0.0,0.0,0.0,0.0,0
1580572856080680335,1357,1580572855470200436,,0,1,42.351469333333334,-71.07806933333333,6.0,0.0,0.0,0.0,0.0,0.0,0.0,0.0,0.0,0.0,0
1580572857070612347,1358,1580572856480073054,,0,1,42.351469333333334,-71.07806933333333,6.0,0.0,0.0,0.0,0.0,0.0,0.0,0.0,0.0,0.0,0
1580572858104800265,1359,1580572857490273147,,0,1,42.351469333333334,-71.07806933333333,6.0,0.0,0.0,0.0,0.0,0.0,0.0,0.0,0.0,0.0,0
1580572859080728161,1360,1580572858500578974,,0,1,42.351472,-71.07806933333333,6.0,0.0,0.0,0.0,0.0,0.0,0.0,0.0,0.0,0.0,0
1580572860070851881,1361,1580572859510261437,,0,1,42.351472,-71.07806933333333,6.0,0.0,0.0,0.0,0.0,0.0,0.0,0.0,0.0,0.0,0
1580572861100626835,1362,1580572860530466930,,0,1,42.351472,-71.07806933333333,6.0,0.0,0.0,0.0,0.0,0.0,0.0,0.0,0.0,0.0,0
1580572862081279373,1363,1580572861530509664,,0,1,42.351472,-71.07806933333333,6.0,0.0,0.0,0.0,0.0,0.0,0.0,0.0,0.0,0.0,0
1580572863071319751,1364,1580572862552153949,,0,1,42.351472,-71.07806933333333,6.0,0.0,0.0,0.0,0.0,0.0,0.0,0.0,0.0,0.0,0
1580572864100716281,1365,1580572863560449154,,0,1,42.351472,-71.07806933333333,6.0,0.0,0.0,0.0,0.0,0.0,0.0,0.0,0.0,0.0,0
1580572865080527932,1366,1580572864570375424,,0,1,42.351472,-71.07806933333333,6.0,0.0,0.0,0.0,0.0,0.0,0.0,0.0,0.0,0.0,0
1580572866074616902,1367,1580572865580178686,,0,1,42.351472,-71.07806933333333,6.0,0.0,0.0,0.0,0.0,0.0,0.0,0.0,0.0,0.0,0
1580572867100689797,1368,1580572866590388742,,0,1,42.351472,-71.07806933333333,6.0,0.0,0.0,0.0,0.0,0.0,0.0,0.0,0.0,0.0,0
1580572868080769563,1369,1580572867600249699,,0,1,42.351472,-71.07806933333333,6.0,0.0,0.0,0.0,0.0,0.0,0.0,0.0,0.0,0.0,0
1580572869620878846,1370,1580572868610929380,,0,1,42.351472,-71.07806933333333,6.0,0.0,0.0,0.0,0.0,0.0,0.0,0.0,0.0,0.0,0
1580572870633831386,1371,1580572869620303653,,0,1,42.351472,-71.07806933333333,6.0,0.0,0.0,0.0,0.0,0.0,0.0,0.0,0.0,0.0,0
1580572871653014711,1372,1580572870630255800,,0,1,42.351472,-71.07806933333333,6.0,0.0,0.0,0.0,0.0,0.0,0.0,0.0,0.0,0.0,0
1580572872653105849,1373,1580572871652447590,,0,1,42.351472,-71.07806933333333,6.0,0.0,0.0,0.0,0.0,0.0,0.0,0.0,0.0,0.0,0
1580572873673723989,1374,1580572872652629536,,0,1,42.351472,-71.07806933333333,6.0,0.0,0.0,0.0,0.0,0.0,0.0,0.0,0.0,0.0,0
1580572874681200985,1375,1580572873670177076,,0,1,42.351472,-71.07806933333333,6.0,0.0,0.0,0.0,0.0,0.0,0.0,0.0,0.0,0.0,0
1580572875690635109,1376,1580572874680215955,,0,1,42.351472,-71.078064,6.0,0.0,0.0,0.0,0.0,0.0,0.0,0.0,0.0,0.0,0
1580572876700622148,1377,1580572875690331250,,0,1,42.351472,-71.078064,6.0,0.0,0.0,0.0,0.0,0.0,0.0,0.0,0.0,0.0,0
1580572877711587168,1378,1580572876700104919,,0,1,42.351472,-71.078064,6.0,0.0,0.0,0.0,0.0,0.0,0.0,0.0,0.0,0.0,0
1580572878720791992,1379,1580572877710349455,,0,1,42.351472,-71.078064,6.0,0.0,0.0,0.0,0.0,0.0,0.0,0.0,0.0,0.0,0
1580572879732036929,1380,1580572878720497527,,0,1,42.351472,-71.078064,6.0,0.0,0.0,0.0,0.0,0.0,0.0,0.0,0.0,0.0,0
1580572880740612227,1381,1580572879731590349,,0,1,42.351472,-71.078064,6.0,0.0,0.0,0.0,0.0,0.0,0.0,0.0,0.0,0.0,0
1580572881752693581,1382,1580572880740153922,,0,1,42.351472,-71.078064,6.0,0.0,0.0,0.0,0.0,0.0,0.0,0.0,0.0,0.0,0
1580572882760683198,1383,1580572881752159342,,0,1,42.351472,-71.078064,6.0,0.0,0.0,0.0,0.0,0.0,0.0,0.0,0.0,0.0,0
1580572883770738726,1384,1580572882760403450,,0,1,42.351472,-71.078064,6.0,0.0,0.0,0.0,0.0,0.0,0.0,0.0,0.0,0.0,0
1580572884791077708,1385,1580572883770306037,,0,1,42.35148,-71.07806933333333,6.0,0.0,0.0,0.0,0.0,0.0,0.0,0.0,0.0,0.0,0
1580572885800817218,1386,1580572884790528489,,0,1,42.35150133333333,-71.07807466666667,6.0,0.0,0.0,0.0,0.0,0.0,0.0,0.0,0.0,0.0,0
1580572886812559696,1387,1580572885800358085,,0,1,42.351528,-71.07808533333333,6.0,0.0,0.0,0.0,0.0,0.0,0.0,0.0,0.0,0.0,0
1580572887820649558,1388,1580572886812016563,,0,1,42.35156,-71.07809066666667,6.0,0.0,0.0,0.0,0.0,0.0,0.0,0.0,0.0,0.0,0
1580572888831521666,1389,1580572887820258350,,0,1,42.35159733333333,-71.07809066666667,6.0,0.0,0.0,0.0,0.0,0.0,0.0,0.0,0.0,0.0,0
1580572889840770040,1390,1580572888830961758,,0,1,42.351632,-71.07808,6.0,0.0,0.0,0.0,0.0,0.0,0.0,0.0,0.0,0.0,0
1580572890855962469,1391,1580572889840292687,,0,1,42.35166666666667,-71.07804266666666,6.0,0.0,0.0,0.0,0.0,0.0,0.0,0.0,0.0,0.0,0
1580572891860653337,1392,1580572890855619692,,0,1,42.351696,-71.077984,6.0,0.0,0.0,0.0,0.0,0.0,0.0,0.0,0.0,0.0,0
1580572892870724174,1393,1580572891860318755,,0,1,42.35172266666667,-71.077904,6.0,0.0,0.0,0.0,0.0,0.0,0.0,0.0,0.0,0.0,0
1580572893880769371,1394,1580572892870433033,,0,1,42.35174666666666,-71.07781866666667,6.0,0.0,0.0,0.0,0.0,0.0,0.0,0.0,0.0,0.0,0
1580572894890881756,1395,1580572893880261549,,0,1,42.351773333333334,-71.07772266666667,6.0,0.0,0.0,0.0,0.0,0.0,0.0,0.0,0.0,0.0,0
1580572895904925994,1396,1580572894890398708,,0,1,42.351802666666664,-71.07762666666666,6.0,0.0,0.0,0.0,0.0,0.0,0.0,0.0,0.0,0.0,0
1580572896911647706,1397,1580572895900436772,,0,1,42.35183466666667,-71.07752533333333,6.0,0.0,0.0,0.0,0.0,0.0,0.0,0.0,0.0,0.0,0
1580572897930781358,1398,1580572896911233913,,0,1,42.351864,-71.077424,6.0,0.0,0.0,0.0,0.0,0.0,0.0,0.0,0.0,0.0,0
1580572898080738410,1399,1580572897930342312,,0,1,42.35189333333334,-71.07732266666666,6.0,0.0,0.0,0.0,0.0,0.0,0.0,0.0,0.0,0.0,0
1580572899071130447,1400,1580572898940490666,,0,1,42.35192266666667,-71.07722133333333,6.0,0.0,0.0,0.0,0.0,0.0,0.0,0.0,0.0,0.0,0
1580572900100865185,1401,1580572899952282589,,0,1,42.35194933333333,-71.07711466666667,6.0,0.0,0.0,0.0,0.0,0.0,0.0,0.0,0.0,0.0,0
1580572901080794602,1402,1580572900960229226,,0,1,42.35197866666667,-71.07701333333333,6.0,0.0,0.0,0.0,0.0,0.0,0.0,0.0,0.0,0.0,0
1580572902070816260,1403,1580572901970327372,,0,1,42.35200533333333,-71.076912,6.0,0.0,0.0,0.0,0.0,0.0,0.0,0.0,0.0,0.0,0
1580572903100859050,1404,1580572902980244927,,0,1,42.352029333333334,-71.07682133333333,6.0,0.0,0.0,0.0,0.0,0.0,0.0,0.0,0.0,0.0,0
1580572904080713864,1405,1580572903990690147,,0,1,42.352048,-71.076752,6.0,0.0,0.0,0.0,0.0,0.0,0.0,0.0,0.0,0.0,0
1580572905076661649,1406,1580572905000462748,,0,1,42.352058666666665,-71.07669866666667,6.0,0.0,0.0,0.0,0.0,0.0,0.0,0.0,0.0,0.0,0
1580572906100861519,1407,1580572906011926885,,0,1,42.35207466666667,-71.07665066666667,6.0,0.0,0.0,0.0,0.0,0.0,0.0,0.0,0.0,0.0,0
1580572907080841411,1408,1580572907020236353,,0,1,42.352085333333335,-71.07660266666667,6.0,0.0,0.0,0.0,0.0,0.0,0.0,0.0,0.0,0.0,0
1580572908073436309,1409,1580572908030475054,,0,1,42.352096,-71.07656533333333,6.0,0.0,0.0,0.0,0.0,0.0,0.0,0.0,0.0,0.0,0
1580572909100898462,1410,1580572909052280655,,0,1,42.352104,-71.07653333333333,6.0,0.0,0.0,0.0,0.0,0.0,0.0,0.0,0.0,0.0,0
1580572910081131438,1411,1580572910061289779,,0,1,42.352112,-71.076512,6.0,0.0,0.0,0.0,0.0,0.0,0.0,0.0,0.0,0.0,0
1580572911071816931,1412,1580572911070449908,,0,1,42.35211733333333,-71.076496,6.0,0.0,0.0,0.0,0.0,0.0,0.0,0.0,0.0,0.0,0
1580572912112100921,1413,1580572912080606178,,0,1,42.35212,-71.07649066666667,6.0,0.0,0.0,0.0,0.0,0.0,0.0,0.0,0.0,0.0,0
1580572913091456082,1414,1580572913090970331,,0,1,42.352122666666666,-71.07648,6.0,0.0,0.0,0.0,0.0,0.0,0.0,0.0,0.0,0.0,0
1580572914112157727,1415,1580572914109088814,,0,1,42.352122666666666,-71.07648,6.0,0.0,0.0,0.0,0.0,0.0,0.0,0.0,0.0,0.0,0
1580572915112303867,1416,1580572915111355889,,0,1,42.352122666666666,-71.07648,6.0,0.0,0.0,0.0,0.0,0.0,0.0,0.0,0.0,0.0,0
1580572916120872773,1417,1580572916120338774,,0,1,42.35212533333333,-71.07648,6.0,0.0,0.0,0.0,0.0,0.0,0.0,0.0,0.0,0.0,0
1580572917131187001,1418,1580572917130578446,,0,1,42.352128,-71.07648,6.0,0.0,0.0,0.0,0.0,0.0,0.0,0.0,0.0,0.0,0
1580572918158548452,1419,1580572918152728676,,0,1,42.352128,-71.07647466666667,6.0,0.0,0.0,0.0,0.0,0.0,0.0,0.0,0.0,0.0,0
